Business Name,Health Score,Health Index
Southern Cove,-0.8481,1
JP Charlotte at Westin,0.422064,3
Frontier,0.33093461538461544,2.5
Portland Jerk,0.20181704545454549,2.5
Caffeine,0.30806666666666666,2.5
Olives & Epices,0.23726000000000003,2.5
Symposium Cafe Restaurant & Lounge,0.16400182648401818,2.5
Ernesto's Auto Body Shop,-0.296,1.5
Blue Sky Nails & Spa,0.4753,3
Whistlestop Restaurant,0.3528875,2.5
Hwy 55 Burgers Shakes & Fries,0.19112828282828281,2.5
Real Canadian Superstore,0.6065333333333333,3.5
Ace's Main Tap,0.5810500000000001,3.5
Jung Soo Nae,0.2890651515151515,2.5
Honest Kitchen,0.26854999999999996,2.5
Yafo Kitchen,0.35201467116357515,2.5
Hue's Kitchen,0.22259127516778515,2.5
Walt's BBQ,0.3598181818181818,2.5
Mango Thai,0.3219066666666665,2.5
Das Cafe,0.3852940298507463,3
Fireside Grill,0.21201481481481482,2.5
Mesquite Bbq Catering,0.2349787234042553,2.5
Jesters Mexican Grill,0.313595,2.5
Grill 4 U,0.28424230769230774,2.5
Maison de cari golden,0.17114137931034482,2.5
Bull & Barrister Draft House and Grille,0.26143043478260874,2.5
Shanghai Dim Sum,0.23967008547008506,2.5
Barrio Lounge,0.21472790697674424,2.5
La Cochonne Rit,0.3208727272727273,2.5
La Mer Rouge,0.23461764705882354,2.5
Fabulous Bar & Cafe,0.3615727272727273,2.5
Village Martini & Wine Bar,0.2848157142857142,2.5
My Big Fat Greek Restaurant,0.1591,2.5
Jang Won Restaurant,0.10302758620689657,2
2 Men and A Pizza,0.28352727272727274,2.5
Sloppi Jo's Roving Eatery,0.29786408839779005,2.5
Chong Qing Legend,0.25935400000000003,2.5
Grainery Bakery & Deli,0.236425,2.5
Gold's Gym,0.6115,3.5
Pita Jungle,0.26538168604651147,2.5
O ' Sake,0.6733400000000002,3.5
Nibblers Catering,0.12090000000000001,2
Bane Boys Burgers,0.1591,2.5
Johnny Mango World Cafe & Bar,0.3335487261146498,2.5
Winners Sports Bar & Grill,0.058157142857142845,2
La Tradicion Restaurant,0.5245090909090909,3
Aroma Restaurant,0.27546419753086426,2.5
Nocochi,0.39131818181818195,3
Camarone's Cantina,0.1901542857142857,2.5
Quince,0.20379902912621373,2.5
Fox's Pizza Den,0.028444444444444446,2
Cenci's Pizzeria & Bar-Wexford,0.21681447368421056,2.5
Cheba Hut - Phoenix,0.31546842105263156,2.5
Fortitude Coffee,0.4210851851851853,3
Bon Appetit Cafe,0.19117499999999998,2.5
New King Wah Chinese Buffet,0.36435,2.5
Sakura Sushi,0.2384317241379311,2.5
YEE: School's Out for Summer @ PDQ,0.556537288135593,3
Dazzling Modern Restaurant and Bar,0.2426935897435897,2.5
Pasta & Provisions,0.45009473684210527,3
Ripley's Aquarium of Canada,0.0925,2
Severino's Restaurant & Lounge,0.3085409090909091,2.5
Vino Rosso Bar & Restaurant,0.11576086956521744,2
L'Gros Luxe Plateau,0.3687475247524753,3
Michael Arthurs Pub,0.21230000000000002,2.5
The New Yorker Deli,0.21501428571428569,2.5
Hana Japanese Eatery,0.3031171670515787,2.5
Tommy V's Pastaria,0.28217415730337075,2.5
Guacamoles Fresh Mexican Grill,0.2656408163265306,2.5
Terrazza,0.30276666666666663,2.5
Saigon Sandwich Madison,0.27161688311688315,2.5
HoneyBaked Ham & Cafe,0.3171,2.5
Tokyo Sushi,0.2583,2.5
The Mutt's Nuts,0.0,2
Graeter's,0.2521886363636364,2.5
Seafood Center,0.2119214285714286,2.5
Souper Market,0.348845930232558,2.5
Youngtown Cafe,0.32189999999999996,2.5
Stock Restaurant Bar & Lounge,0.2942502392344497,2.5
La Chamade,0.0,2
Mexico Lindo,0.6222,3.5
Macy's,0.4754,3
Grill Time Korean BBQ House,0.24161486486486491,2.5
Hero Certified Burgers - Ray Lawson,0.39217777777777774,3
Bitz-ee Mama's,0.11058085106382981,2
Fresh Mint,0.3437461538461542,2.5
Jazz 28,0.2627233333333333,2.5
CoCo Fresh Juice & Tea,0.23012926829268288,2.5
Smitty's Kitchen,0.45359230769230774,3
Jack's Pub,0.5856,3.5
Fat Tommy's Pizzeria,0.19449500000000003,2.5
Super Noodles,0.12619545454545456,2.5
Nineteen10,-0.11315,2
Monterrey,0.23768273381294955,2.5
Wing Wah,0.27324444444444446,2.5
Falafel World,0.3011732558139535,2.5
Losbetos Mexican Food,0.3015857142857143,2.5
Zaytoon Persian Kitchen & Dessert Bar,0.54405,3
Jack in the Box,0.2069615384615385,2.5
Itz A Wrap,0.06039499999999999,2
BJ's Restaurant & Brewhouse,0.23503347826086946,2.5
Souper Bowl,0.6547555555555555,3.5
Dylans Grill and Pub,0.2649333333333333,2.5
Gracie's Diner,0.3306888888888889,2.5
City Bistro,0.29441052631578946,2.5
Sugar Factory,0.4263692307692307,3
Toddy Shop,0.3282992537313433,2.5
Lala Bistro,0.5295583333333334,3
Grigio,0.2934333333333333,2.5
Aren't We Sweet,0.24942999999999999,2.5
Basha 21,0.2153578947368421,2.5
Cineplex Odeon Varsity and Varsity Cinemas,0.06929230769230771,2
Kickshaw,0.2370106382978723,2.5
Filiberto's Mexican Food,0.22609285714285715,2.5
Chang Jiang Chinese Kitchen,0.18004545454545454,2.5
Capriotti's Sandwich Shop,0.3091658227848099,2.5
Famous Laffa,0.29665588235294105,2.5
Trailsend Family Restaurant,0.17097500000000002,2.5
TRU Burger Company,0.32764626038781214,2.5
Le Dejeuner Cosmopolitain,0.28706296296296296,2.5
Ken Ho's Snack Service,0.08422647058823529,2
Bradstreet's Landing,0.893,4.5
Balmoral Fish & Chips,0.4863090909090909,3
Two Dads' Diner,0.1928148148148148,2.5
Java Coast Cafe,0.06016363636363637,2
Rumjungle,0.21920466101694913,2.5
Mr. Handyman of Central Valley,0.1591,2.5
Patati Patata,0.3326144859813082,2.5
Wendy's,0.15610344827586206,2.5
Yonge Market 506,0.21263076923076923,2.5
Yip's Kitchen,0.0,2
Vince Seafood Restaurant & BBQ,0.30399662921348314,2.5
Volume Salon,0.0,2
Taste of Italy Pizza,0.25038787878787877,2.5
The Improper Pig,0.31240170827858116,2.5
Apple Store,-0.5157,1.5
Inaka Sushi,0.32071041666666666,2.5
Rubens Chocolate,0.38602499999999995,3
Above All Grand Salon & Spa,0.836,4.5
Sonic,0.48448,3
Chuck's Roadhouse Bar and Grill,0.28786923076923077,2.5
Saveurs Thai,0.23761666666666667,2.5
China Saute,0.43424615384615384,3
McDonald's,-0.07224,2
Top O' The Mornin' Donut & Coffee Shop,0.349412,2.5
17 Steps Restaurant and Bar,0.3124120689655172,2.5
Albertsons-Osco,-0.10156666666666668,2
Danny Mac's,0.17752000000000004,2.5
The Zenith,0.3050391999999999,2.5
South East Gears & Cheers,0.32424605263157896,2.5
Greek Street,0.3686156250000001,3
Armando's,0.08652051282051282,2
Twisters Soft Serve Ice Cream,0.11611935483870969,2
JJ's Grubb Shack N Liquor,0.24595000000000006,2.5
Residence Inn Phoenix Glendale,0.332175,2.5
Nadia's Restaurant & Grapevine Lounge,0.2925714285714286,2.5
Thrifty Ice Cream,0.31845,2.5
Coney Island Grill,0.09825945945945945,2
Priya Indian Restaurant,0.08178181818181816,2
Planet Sub,0.29560571428571425,2.5
Chester's BBQ,0.2609545454545455,2.5
Sushi Omigoto,0.08475000000000003,2
Aladdin Juice Bar & Restaurant,0.146575,2.5
Spicy Tang,0.14818125000000001,2.5
Restaurant Karoun,0.36089272727272725,2.5
Jasmine,0.14325000000000002,2.5
Union Pig & Chicken,0.2394162359550564,2.5
Mandarin Restaurant - Toronto,0.23970343137254893,2.5
Galitos Flame Grilled Chicken,0.21379354838709674,2.5
MoMo's Kebab,0.38561723163841766,3
Kornerstones,0.16630312500000002,2.5
Pizza e Pazzi,0.32337999999999995,2.5
L'Oeufrier,0.3312689873417721,2.5
Asian Chao,0.0,2
The Purple Pig cafe,0.29258333333333336,2.5
East End Bistro & Pub,0.32643333333333335,2.5
Cafe St Germain,0.7045,4
Coffee & Tea Express,0.5041769230769231,3
Moxie Java,0.1684,2.5
Gelato 64,0.4246333333333333,3
Elounda,0.3168391666666666,2.5
AJ Bambino,-0.015174999999999994,2
The Atlantic,0.2555126984126981,2.5
Sobeys,0.60405,3.5
Bonnie Springs Ranch Resort,0.36484857142857147,2.5
King Wah,0.34140523560209407,2.5
E & R Sweetery,0.5106571428571429,3
Modern Donut,0.35672857142857145,2.5
3 Tomatoes & A Mozzarella,0.19270689655172413,2.5
Waterfalls Indian Tapas Bar & Grill,0.2686925619834709,2.5
Arlequino,0.21791782178217814,2.5
Chuck's Chicken Plus,0.36380727272727276,2.5
Something Classic Cafe,0.253069387755102,2.5
Two Scoops Creamery,0.38865132450331086,3
Country Maid Ice Cream,0.37002972972972975,3
Northside Farmers Market,0.0,2
Lucky Season Cuisine,0.27179000000000003,2.5
Yuppdduk,0.3846944444444444,3
Whole Foods Market,0.2858777777777778,2.5
Lescurier Tradition Gourmande,0.23711999999999994,2.5
T.C. Eggington's,0.2849203966005663,2.5
Golden Vaughan,0.1954565217391304,2.5
Giggling Tomatoes Restaurant,0.15729705882352943,2.5
Katie's Kandy,0.41961818181818183,3
Jack's New Yorker Deli,0.24295365853658532,2.5
Chez Sophie,0.36958888888888874,3
Chesser Fish & Chips,0.041100000000000005,2
Alexion's Bar & Grill,0.24888571428571435,2.5
Kashmir Valley,0.53904,3
Shari's Rock & Roll Diner,0.20964888888888883,2.5
China Moon,0.0443340909090909,2
Mooyah,0.3274435064935064,2.5
Tomo Steakhouse & Sushi Bar,0.0,2
Emerald Island Casino,0.3943850746268657,3
Taxco Mexican Grill,0.2276436893203884,2.5
Sonic Drive-In,0.2496392857142857,2.5
Any Direct Flight,-0.01976,2
New Seaway Fish Market,0.38356666666666667,3
Hungry Howie's Pizza,0.24587843137254906,2.5
Wrapcity Gourmet,0.2835032258064516,2.5
Tai Pan,0.23276,2.5
Salads UP,0.23262368421052634,2.5
Denny's,-0.09368333333333333,2
Mulligans Sports Bar & Grille,0.1059,2
Shanghai 1938,-0.12292777777777777,2
Tao Restaurant,0.29456071428571434,2.5
Casa Loma,0.2685104166666667,2.5
Restaurant Gandhi,0.3429295454545455,2.5
Ardolino's Pizza,0.40064883720930244,3
Fleur's Deli,0.10625555555555555,2
Inferno Hot Pilates,0.64185,3.5
Arby's,0.0777,2
Yogurty's Yogurt,0.24454749999999992,2.5
Sachi Sushi,0.4054925925925925,3
Yard House,0.32705852090032206,2.5
Ghazale,0.2736653846153846,2.5
Smashburger,0.41827058823529417,3
No 1 Sushi Bar,0.19304453781512612,2.5
Seoul Restaurant,0.3482483870967742,2.5
Sichuan Landscape Chinese Restaurant,0.08885909090909092,2
"Smell, No Taste!",0.284765,2.5
Disanto Pizza,0.082275,2
Buffalo Browns Wings and Things,0.42142222222222225,3
The Keg Steakhouse + Bar - York Street,0.35332959770114897,2.5
Butter Avenue Yonge & Lawrence,0.34400830449826975,2.5
Playa Cabana Cantina,0.2714631578947368,2.5
Mirage Grill & Lounge,0.07165624999999999,2
Las 15 Salsas,0.4012238095238095,3
Ahwatukee Country Club,-0.27209999999999995,1.5
Pizzaiolo,0.41290000000000004,3
Raku Sushi,0.27690000000000003,2.5
Kasai,0.4817730434782607,3
Sushi St-Denis,0.12961494252873562,2.5
JD's Sports Pub & Lounge,0.27866666666666673,2.5
Soupesoup,0.2657888888888889,2.5
Safeway,0.3932833333333334,3
Peckish Prep,0.25856,2.5
It's A Grind Coffee House,0.3308499999999999,2.5
The Brown Bag Deli Restaurant,0.34173846153846166,2.5
Golden Donuts & Smoothies,0.3341532786885244,2.5
Bistro 422 Bar & Grill,0.0,2
Petits Gateaux,0.30399215686274517,2.5
Los Zarapes,0.37889545454545454,3
Al Pastor,0.1981,2.5
Mario Fazio's Restaurant & Catering,0.3499367647058822,2.5
My Florist Cafe,0.2242093567251462,2.5
White House Meats,0.4146,3
Palio Pronto,0.11497500000000001,2
Free Times,0.3020023809523809,2.5
La Bistrote,0.37965000000000004,3
Badger Bowl,0.3894333333333333,3
Peroni Resto Bar,-0.0008999999999999841,2
Menchie's - Brossard,0.44407777777777774,3
Reds Bistro and Wine Bar,0.2243977777777778,2.5
Extra Butter Coffee,0.17504358974358974,2.5
Brickstone,0.382423076923077,3
Native New Yorker,0.23408125000000005,2.5
No 1 Chinese Kitchen,0.1185263157894737,2
Panaderia & Taqueria Marimar,0.360025,2.5
La Strada Bakery,0.6163400000000002,3.5
Restaurant Beijing,0.2692034042553189,2.5
Paradise Bakery and Cafe,0.24204799999999999,2.5
William J Walter,0.3803000000000001,3
The Burnham Restaurant,0.36785154639175266,3
Golden Crisp Fish & Chips,0.1678941176470588,2.5
Hemingway's Cafe,0.20089866666666667,2.5
Tasti D-Lite,0.27334166666666665,2.5
Microsoft Cafeteria,-0.2068833333333334,2
Lac Vien Vietnamese Restaurant,0.21996904761904756,2.5
Honey Hut Ice Cream Shoppe,0.2835301075268817,2.5
Carmona's Cafe,0.09281315789473683,2
Est West Cafe,0.28422499999999973,2.5
Druxy's Famous Deli,0.07315714285714285,2
Bar Moderno,0.04622000000000001,2
Osteria 2350,0.2413103603603601,2.5
Ristorante Pizzeria La Piazzetta,-0.08460000000000001,2
The Original Flame Burger,0.19264036697247705,2.5
Enterprise Rent-A-Car,0.5413,3
Gourmet Express,0.3403424999999999,2.5
Espresso Planet,0.3135142857142857,2.5
Djerba la Douce,0.2725341463414634,2.5
J&R Kosher Meat & Delicatessen,0.30516,2.5
Vintage Tea & Coffee,0.35308679245283026,2.5
Poutini's House of Poutine,0.33830795454545465,2.5
Giuseppes Pizza & Subs,0.1715866666666667,2.5
Bert's Backyard Bar and Bistro,0.2602113636363636,2.5
Shahi The Royal Roti,0.12404242424242429,2.5
Big Bus Tours - Las Vegas,-0.148,2
Fox & Fiddle,0.18229393939393942,2.5
Bread and Kabob,0.2514015625,2.5
Luna Rossa,0.30900397196261653,2.5
Destingo,0.09418863636363638,2
Dozen Cupcakes,0.24850000000000008,2.5
Bucci's Brick Oven,0.26604352941176457,2.5
Blackfriars,0.3465972972972974,2.5
Peter's Cuisine -Grill- Banquets,0.6159888888888889,3.5
Tim Hortons,0.4397666666666667,3
Chez Carl Express,0.1798666666666667,2.5
McDonalds,-0.01036499999999998,2
Saigon Bistro,0.3045361702127659,2.5
LaMarca's Pizza,0.24923333333333333,2.5
Goods & Provisions,0.24130133333333323,2.5
Sur La Table,0.310475,2.5
Essen,0.25131134020618556,2.5
Pho Little Saigon,0.251093396226415,2.5
Hot Dog On A Stick,0.42796,3
Caju,0.08028750000000001,2
Peppery Cat,0.24866363636363636,2.5
Roberto's Taco Shop,0.20541117647058818,2.5
Northwood,0.4078569444444444,3
The Counter,0.3202466666666667,2.5
Big Eye Sushi Bar,0.34057735191637617,2.5
Thimbleberry House,0.24746666666666664,2.5
The Pursuit of Frosting,0.2883352941176471,2.5
Liberty Shawarma,0.37815,3
Tealicious Tea House,0.33687323943661973,2.5
Dusit Restaurant,0.326993984962406,2.5
Escape Lounge,0.1876428571428571,2.5
Asian Legend,0.27217521613832846,2.5
Peoples Food,0.26424285714285717,2.5
New Sun Star Super Buffet,0.4939,3
UUBU 6,0.1755698412698413,2.5
Cream,0.23484,2.5
Five Guys,0.5782117647058824,3.5
The 5-Spot,0.3296103448275863,2.5
"Grain, Curd & Bean",0.4257,3
Aroma Bakery,0.33697368421052626,2.5
Rosie's Italian Cafe,0.36962641509433963,3
Lebowskis,0.34219803921568626,2.5
Yogurtland,0.2501677419354839,2.5
DiBella's Subs,0.2518025,2.5
America's Taco Shop,0.05786935483870967,2
Hoot & Howl,-0.05068235294117648,2
Matt's Big Breakfast,0.31602134986225916,2.5
Sprouts Farmers Market,0.3472179487179488,2.5
Restaurant Globe,0.5185000000000001,3
Babe's Good N Plenty,0.34614,2.5
Ville souterraine RESO /Underground City,0.26858333333333334,2.5
Hartigan's Irish Pub,-0.0841375,2
George's  Kitchen,0.32563507109004736,2.5
Menchie's,0.21786,2.5
GOGI,0.33359140518417485,2.5
Primanti Bros,0.2255096836049859,2.5
Annona Resturant,0.3087514124293782,2.5
Wasabi Japanese Restaurant & Sushi Bar,0.24533785310734463,2.5
Restaurant Houston Steaks et Cotes Levees,0.06926808510638298,2
Carl's Jr,0.2528035714285714,2.5
Chef Chen Chinese Resturant,0.12436,2.5
Veloce Restaurant,0.4535589743589743,3
Pasta Express,0.36672999999999994,2.5
Hamburger Heaven,0.5992153846153847,3.5
Las Vegas Distillery,0.2781571428571429,2.5
Le Den,0.58529,3.5
Hot Sauce Williams Barbecue Restaurant,0.20112305936073047,2.5
Montfort Restaurant,0.12648593749999998,2.5
Fuddruckers,0.28875943396226417,2.5
The Perfect Scoop,0.024058333333333334,2
The Phoenix Bar & Lounge,0.63908,3.5
Briskit Gourmet Slow Cooked Sandwiches,0.18501388888888892,2.5
Betty's,0.27277101449275365,2.5
George IV Bar,0.2394722222222222,2.5
Brazil Bakery and Pastry,0.41945000000000005,3
Elefanten,0.0984,2
Ali's King Falafel,0.0,2
Great Clips,-0.8316,1
Specture Media,0.8356,4.5
Sexy Lexy Kitchen,0.563875,3.5
Tsunami,0.1640684210526316,2.5
Traffic Jam,0.3879439024390244,3
Bazara Asian Cuisine,0.3472313186813185,2.5
Bama's Southern Kitchen,0.3445738255033556,2.5
D' Lucky,0.07901666666666667,2
Tasty Station,0.3485275,2.5
Alton Restaurant,0.12942000000000004,2.5
La Fuente,0.513725,3
Chez Gautier Restaurant,0.12393846153846154,2.5
Popped,0.2932606481481476,2.5
Sun Sing Express Chinese Food,0.5435,3
Little Italy Pizza,0.30997962962962955,2.5
Mora Italian,0.2872961104140528,2.5
"First Watch - Breakfast, Brunch & Lunch",0.3435256756756756,2.5
Fonduementale,0.30944838709677414,2.5
Annapoorna,0.23748235294117648,2.5
Beckham's B&M Bar-B-Que,0.37690454545454555,3
Lowdown Cafe,0.33984285714285717,2.5
Yame Sushi,0.25399466666666665,2.5
Ray's Asian Cuisine and House of Ramen,0.30774805194805205,2.5
Indigo Joe's,0.6671333333333335,3.5
Greek & Co,0.09870555555555562,2
24 Carrots Juice Bar & Cafe,0.29878798586572436,2.5
Epiphany Foods,0.5278,3
Douce France,0.3875378048780487,3
Gourmet Quick Bite,0.40235862068965517,3
QuikTrip,0.7777499999999999,4
Las Vegas Fruits & Nuts,0.20612727272727274,2.5
Heinz Field,0.23554999999999998,2.5
Il Primo Pizza & Wings,0.21212448979591836,2.5
Old Time Meat & Deli Shoppe,0.367232,2.5
Sbarro's Italian Eatery,0.11976363636363635,2
Sanchioli Bakery,0.3212875,2.5
Milio's Sandwiches,0.25,2.5
Copper Kettle,0.24353116883116882,2.5
Go! Bistro,0.5732,3.5
Old Man Pizza,0.4056454545454546,3
Red Square,0.3309777777777778,2.5
Bocca On Baldwin,0.36397733333333326,2.5
Baker Candies Inc,0.3080714285714286,2.5
Superior Court Of Arizona,0.0772,2
Mr Rice Takeaway,0.23698000000000002,2.5
China One,0.27106630434782614,2.5
Calli's,0.4048958333333334,3
Nobu Tei,0.2956990825688071,2.5
Little Shmiddy's Hot Meat House,0.41562142857142864,3
Gyro Express,0.47757692307692307,3
Falbo Bros. Pizzeria,0.20881751824817527,2.5
Filiberto's,0.1412711111111111,2.5
Sidewalk Cafe Painesville,0.2027757575757576,2.5
Itri,0.6157,3.5
AZTECA Bakeries & Restaurant,0.2781711711711712,2.5
Fruit Jungle,0.29619367088607584,2.5
Capitaine Pouf,0.2620541666666667,2.5
Caddyshack Inn,0.26775185185185185,2.5
Fox & Hound of Charlotte,-0.010521428571428567,2
Tea-rrific,0.16915000000000002,2.5
Walgreens,-0.05142,2
Fleming's Prime Steakhouse & Wine Bar,0.31284066666666643,2.5
Babos Donerpoint,0.4209190476190476,3
TPC Grille,0.3996571428571428,3
TAP Sports Bar,0.25049126506024094,2.5
Abyssinia,0.322575,2.5
Cafe Plenty,0.2947757142857143,2.5
Restaurant Sahib,0.24198936170212762,2.5
Liberty Station,0.28959378238341965,2.5
Harvard Soul Bistro,0.16174999999999998,2.5
The Cooper's Tavern,0.274215918803419,2.5
Granite City Food & Brewery,0.2315535315985128,2.5
Joey's of Chicago,0.22190972222222222,2.5
Walk In Wok Out,0.2741777777777778,2.5
Produce Place Market,0.26585,2.5
Old Chain Pier,0.3936444444444443,3
Port City Java,0.41716666666666663,3
Famous Dave's,0.24759738805970127,2.5
Maurya East Indian Roti - Etobicoke,0.31824086956521735,2.5
Cajun Crawfish,0.21344065040650406,2.5
Hamdi Restaurant,0.31031142857142857,2.5
Jimmy's American Tavern,0.01342592592592593,2
Thai Heng Restaurant,0.4303130434782609,3
Angelo's Pizza  Kitchen,0.3274740740740741,2.5
Duckworth's Grill & Taphouse,0.3544441860465115,2.5
Rocks Lounge,0.02435000000000001,2
Baguette & Co,0.3222274509803922,2.5
Le Oui Oui,0.26521999999999996,2.5
Galanga Thai Eatery,0.2922715415019763,2.5
Monster Mash,0.40622444444444444,3
Il'Castello Restaurant,0.49859999999999993,3
Shucks Tavern & Oyster Bar,0.2892401929260451,2.5
Wasabi Japanese Steakhouse,0.15860609756097566,2.5
Ethel M Chocolates,0.46880000000000005,3
Angelo's Diner/Restaurant,0.8938,4.5
Bruegger's Bagels,0.38706,3
Gratifying Grains,0.3389538461538461,2.5
Kenzo Ramen,0.2871169398907102,2.5
Hazze Vape,0.6655500000000001,3.5
Sunshine and Spice,0.2654627118644068,2.5
Morning Glory Coffeehouse,0.4436,3
New Peking Express,0.32395087719298243,2.5
Espresso Royale,0.32525000000000004,2.5
Carl's Jr.,0.03046190476190476,2
Planet Sub Mesa-Grand,0.34781052631578946,2.5
Chop Steakhouse & Bar,0.21624361702127645,2.5
Naniwa-Taro,0.1239204819277109,2.5
The Hillsdale,0.1350818181818182,2.5
Wild Wing Cafe,0.15581772151898735,2.5
Hampton Inn & Suites Phoenix Chandler-Fashion Center,0.34208999999999995,2.5
Olde Town Coffee House,0.3060333333333334,2.5
Taqueria El Capullo,0.21019473684210524,2.5
Settebello Pizzeria Napoletana,0.27108195413758757,2.5
PIZZAFIRE,0.2705580952380954,2.5
Luxmy Caterers,0.3587666666666667,2.5
Sloan Park,0.6599666666666667,3.5
Postrio,0.3009903860711589,2.5
The Burger Cellar,0.2574753218884119,2.5
Chez Ping,0.36428000000000005,2.5
Tasty & Tasty,0.25079999999999997,2.5
Nothing Bundt Cakes,0.3449526315789474,2.5
Island Wok,0.17761086956521743,2.5
Ambassador Chinese Cuisine,0.3165666666666668,2.5
Serenade,0.34393571428571446,2.5
Pastaggio,0.3879142857142857,3
Baby Cakes,0.30264775641025626,2.5
East of York Gourmet Food,0.4136277777777778,3
Vanipha Lanna Lao-Thai Restaurant,0.18542500000000003,2.5
Papa Murphy's Take 'N' Bake Pizza,0.0610111111111111,2
Brother's Restaurant,0.35250363636363613,2.5
Arizona Culinary Institute,0.46998653846153843,3
Saxby's Coffee,0.31574615384615384,2.5
The Coffee Shop,0.13953414096916295,2.5
TCBY,0.4251142857142857,3
Little Caesars Pizza,0.3509333333333333,2.5
Charleston Antique Mall,0.381,3
Cora's Breakfast & Lunch At Clarkson,-0.09163333333333334,2
Hardee's,0.14206666666666667,2.5
Drift,0.3459803418803417,2.5
Wienerschnitzel,0.3665727272727273,2.5
Cork & Cleaver Social Kitchen,0.30334158415841556,2.5
Maxies Bistro,0.20825581395348838,2.5
New Hong Kong,0.22563478260869568,2.5
Toys Toys Toys,0.148,2.5
Moxie's Grill & Bar,0.21080300000000007,2.5
Yang's Restaurant,0.2550708333333333,2.5
Restaurant Chez Lien Plus,0.3139888888888889,2.5
The Pig and Cow,0.2941571428571429,2.5
The Skylark,0.36875,3
Mai Thai,0.36705000000000004,2.5
Cafe de Paris,0.19019,2.5
C-Shack,0.5550959999999999,3
Bella Vita,0.1348111111111111,2.5
Sammy's Famous Corned Beef,0.161446875,2.5
Massimo Pizza & Pasta,0.31734444444444443,2.5
Four Queens Hotel & Casino,0.4506333333333334,3
Arizona Distilling Co,0.10943,2
Roy's Deli,0.5629833333333334,3.5
Ooud Kitchen,0.19076500000000002,2.5
346 Patisserie,0.347618885448916,2.5
Stonewater Golf Club,0.45511333333333337,3
Rosendos Taco Shop,0.3659818181818182,2.5
Pete's Fish & Chips,-0.058183333333333344,2
Osechi Japanese Cuisine,0.167031746031746,2.5
Kushi Bar Muramoto,0.22871505376344092,2.5
Toscano's Grill,0.56118,3
Dawat-e-Khas BBQ,0.15936,2.5
Romano's Macaroni Grill,0.19367487437185918,2.5
The Sugar,0.40613030303030306,3
Airwork,0.9087,4.5
Sunrise Caribbean Restautant,-0.06866666666666665,2
Mike's Place,0.23114972677595622,2.5
Cilantro,0.2019497757847533,2.5
Blasiole's Pizza,0.029479999999999996,2
Fry's Food Stores,-0.148,2
Yatco Filipino Restaurant,0.34856,2.5
Manchu Wok,0.13365,2.5
Somma Pizza Restaurant & Sports Bar,0.19510754716981135,2.5
Zanzibar African Restaurant,0.12934482758620688,2.5
Dangerous Dan's Diner,0.13906347305389222,2.5
Dr Deli and the Salad Queen,0.33260370370370373,2.5
CUT by Wolfgang Puck,0.28835195655921164,2.5
Carhops Sub Shop,0.30200952380952384,2.5
Divinos,0.062258333333333325,2
Mr Tire Auto Service Centers,-0.6705,1.5
Bronze Cafe at The Center,0.3693729603729609,3
Thai 5 Cafe,0.3123119205298011,2.5
India Grill,0.2799462264150942,2.5
Sweet Tomatoes,0.27903647798742126,2.5
Patel Brothers,0.3389,2.5
Velvet Button Boutique,0.9319,4.5
Cucina Vitale,0.2499483333333333,2.5
Rock Fresh,-0.00901176470588235,2
Insta Clean Floorcare,-0.08915000000000003,2
The Coffee House & Sweet Buttercupcakes,0.43925000000000003,3
Thai Spice,0.2969963562753036,2.5
The Puck Sports Bar and Grill,0.16742,2.5
The Birdcage Bar & Restaurant,0.460225,3
Restaurant Hermes,0.5692,3.5
Sharkey's Village Cafe,0.06921,2
El Charro Restaurant & Cocktail Lounge,0.21964509803921567,2.5
Omni Scottsdale Resort & Spa at Montelucia,0.4247,3
Vic & Anthony's Steakhouse,0.3170786764705877,2.5
Nguyet Minh Lo Banh Mi,0.3433800000000001,2.5
Ocean Palace,0.11804999999999999,2
Goodness Gracious Great Balls and Sliders,0.3738615384615385,3
Cafe Zupas,0.30218297055057636,2.5
Check Please Cafe,0.6138555555555556,3.5
Long Wong's Dobson,0.17157,2.5
Wheelfish,0.3606463157894737,2.5
Gianni's Pizza of Cecil,0.178475,2.5
Bistro 2182,0.06530000000000001,2
Kenilworth Tavern,0.741825,4
Queen Margherita Pizza - Baby Point,0.3551174418604651,2.5
Saravanaa Bhavan,0.305928947368421,2.5
Croagh Patrick's Pub,0.65745,3.5
Za's Italian Cafe,0.17478823529411766,2.5
Restaurant Regal Delie & Grill,0.36860357142857153,3
Alleycatz Restaurant Jazz Bar,0.22244132231404953,2.5
Shucks Tavern,0.3571882352941176,2.5
Panera Bread,0.5315333333333333,3
Zoe's Food Truck,0.38599999999999995,3
Jersey Mike's Subs,0.07039999999999999,2
6th Street Pub N Grill,0.33566666666666667,2.5
Verger Lacroix,0.43644285714285713,3
Paradise Bakery,0.1508714285714286,2.5
The Coffee Table,0.6818,3.5
Sausalido,0.30047997118155606,2.5
Los Arrieros,0.2307683673469388,2.5
Bubble Island,0.16394999999999998,2.5
The Saloon of Mt. Lebanon,0.17304545454545453,2.5
McCoy Burger Company,0.28657551020408145,2.5
Milestones Restaurants,0.22735092024539869,2.5
Lucky Samurai,0.24510294117647055,2.5
The Boiling Harbour,0.2969452941176471,2.5
Cafe China,0.2979281437125748,2.5
SunRise Caribbean Restaraunt,0.17365714285714282,2.5
Morazan Restaurant,0.26181875000000004,2.5
McIntosh's Steaks & Seafood,0.4989,3
Auntie Anne's,0.3271,2.5
United Bakers Dairy Restaurant,0.2780674418604651,2.5
La Santisima,0.3258055169216498,2.5
Bob's BBQ Emporium,0.40465172413793093,3
Marco's Pizza,0.40492,3
Henry VIII,0.39277500000000004,3
Dalchini Hakka Chinese,0.24966363636363642,2.5
Maryanne's Breakfast & Lunch,0.2706571428571429,2.5
Aioli Gourmet Burgers and Catering Food Truck,0.33529204545454533,2.5
Green Tea Restaurant,0.15684285714285714,2.5
AJK Chinese Cusine,0.2769106508875738,2.5
Kim Po Vietnamese Restaurant,0.20425731707317077,2.5
Juice 'n' Go Express,0.38236206896551733,3
Rubio's Coastal Grill,0.2665602649006622,2.5
JK Cookie and Cake Company,0.29183000000000003,2.5
Yen Sushi & Sake Bar,0.3044407713498627,2.5
DAVIDsTEA,0.30094324324324323,2.5
Spinato's Pizza,0.30158059299191353,2.5
Grande Cheese Company,0.32949999999999996,2.5
El Sombrero,0.4929916666666667,3
Sky High Sports Charlotte,0.1589,2.5
The Taco Bros,0.3436307692307693,2.5
Sun Crisp Fish & Chips,0.13103214285714287,2.5
Angela Pizzeria & Restaurant,0.20874666666666666,2.5
Fish Wing,0.34692,2.5
Pho Tai Loi,0.3461588235294118,2.5
Wildflower Bread Company,0.3436358108108104,2.5
Bella Mbriana,0.10740666666666668,2
La Maison de Kum Mon Restaurant,0.491915,3
La Chilenita,0.28509285714285715,2.5
THE CREPE CLUB,0.2747636363636364,2.5
When The Pig Came Home,0.2178292682926829,2.5
Ricci Italian Sausage,0.19196190476190478,2.5
Very Venice,0.21356666666666668,2.5
Le Tuktuk,0.43222631578947374,3
Red's Catering,0.3270117647058824,2.5
My Sweet Blessings Bakery and Bistro,0.38347647058823525,3
Herb Box Catering Company and Epicurean Marketplace,-0.13765,2
Alanoor Afghan Kabob,0.1582436363636364,2.5
Thai Basil Signature,0.23771259541984702,2.5
International Starters,0.4332375,3
Forth Floor Restaurant,0.2762121951219511,2.5
Awtash Cafe,0.341505,2.5
Montreal En Scene,0.3141,2.5
The Courtyard Cafe,0.3160814432989691,2.5
No.70 Finest Burger & Salads,0.23372857142857142,2.5
Hong Kong BBQ,0.3776,3
Bagel Stop,0.15155909090909092,2.5
Amore Dogs,0.2929590163934427,2.5
GS Supermarket,0.5763333333333334,3.5
Riviera Coffee Company,0.41209999999999997,3
Cicis,0.11841818181818183,2
Venezia Pizza,-0.03592857142857143,2
The Reddstone,0.19002971428571425,2.5
Dream Cream Ice Cream,0.5531387755102042,3
The Forest,0.46466,3
The Basak,0.3706696969696968,3
Swiss Chalet Rotisserie & Grill,0.28131617647058826,2.5
The Mussel and Steak Bar,0.39107452229299317,3
Los Arcos,0.1994573529411765,2.5
Mommy Fish & Chips,-0.15615833333333337,2
Sammy's Deli & Neighborhood Pub,0.31999574468085096,2.5
The Italian Bread Place & Deli,0.5530499999999999,3
Alesci's Downtown,0.4153071428571429,3
Taco Bell,0.4495,3
Dutch Bros Coffee,0.45640357142857146,3
World's Fare Buffet,0.3093190476190476,2.5
Gate 403 Bar & Grill,0.3398840000000001,2.5
Monthathong Thai Restaurant,0.26927894736842106,2.5
Dunkin' Donuts,0.0502,2
Gali's Gyro & Grill,0.3385172131147541,2.5
John's Family Restaurant,0.20561304347826076,2.5
Cocoberry Cafe,0.2661361702127659,2.5
Jangwon,0.24194285714285715,2.5
Oriental Gourmet House,0.4242,3
The Rooster Rotisserie and Grill,0.2625906542056075,2.5
Alfonso's Mexican Food,0.3205823529411765,2.5
J-Town,0.23103,2.5
Arahova Souvlaki,0.25816666666666666,2.5
Pasta Brioni,0.28807474048442866,2.5
CiCi's Pizza,0.25150857142857147,2.5
Bar Wellington,0.2537401869158878,2.5
Southern Hills Cafe,0.16423333333333334,2.5
Midland Court Restaurant,0.17271034482758618,2.5
Rockaberry,0.23330119047619052,2.5
Ken Stewart's East Bank,0.2860985964912281,2.5
In-N-Out Burger,0.2649684684684685,2.5
Beauregards,0.07539999999999998,2
High Roller,0.25035,2.5
Ginza of Tokyo,0.08472727272727275,2
NutWhats,0.25711333333333336,2.5
Rush Espresso Cafe and Wine Bar,0.40163412322274855,3
Heart 'n Soul Restaurant & Baked Goods,0.3247705882352941,2.5
Parc Central,0.322762162162162,2.5
Evo Cafe,0.10873068181818182,2
La Hacienda Restaurant,0.17769545454545457,2.5
Wings Sports Bar & Grill,0.159225,2.5
Dori's Bakery,0.23425,2.5
Senti,0.22750337552742617,2.5
Boba Cafe,0.1606578947368421,2.5
Virgin America,0.75335,4
Nana Tee's Hometown Dogs,0.33013800000000004,2.5
Sophies Soulfood,0.21944666666666665,2.5
Guirei Japanese Restaurant,0.12534031007751942,2.5
Hunan Jiu Jia,0.22739428571428566,2.5
Harris Teeter,0.25165000000000004,2.5
La Michoacana Paleteria,0.21725999999999995,2.5
Krispy Kreme,0.276004,2.5
Coral Reef,0.2448857142857143,2.5
Sushi Bong,0.2958568129330251,2.5
Grampa's Pizzeria,0.4017650406504067,3
Burger Betty's,0.48089999999999994,3
Pink Taco,0.2695440613026818,2.5
Qoola Frozen Yogurt Bar,0.2842547619047619,2.5
Swiss Chalet,0.45792307692307693,3
Omaha Steak House,0.218319512195122,2.5
Presse Cafe,0.0,2
The Liberty Kitchen,0.2683,2.5
Woodman's Market,0.6431,3.5
Salad KraZe,0.25044462809917356,2.5
Church's Chicken,0.27243225806451615,2.5
Zeppe's Bistro & Pizzeria,0.3488132530120483,2.5
Diho Supermarket,0.5994,3.5
Floridino's Pizza & Pasta,0.2353607142857143,2.5
Burgers + Ethnic Food + BBQ,0.303435,2.5
Scoops in Bloomfield,0.2565144927536232,2.5
Patriot Taphouse and Grill,0.2776086956521739,2.5
Flaming Ice Cube,0.2981947145877377,2.5
Langham Delight,0.20152741935483873,2.5
Charlie Frias Park,0.24695,2.5
Negin Bakery,0.6142545454545455,3.5
Sushi Huang,0.41190714285714286,3
Tiramisu Ristorante,0.42002500000000004,3
Cashew & Clive,0.026500000000000003,2
El Cafecito Cafe,0.48554,3
Sweet O Wine and Chocolate Lounge,0.37143333333333334,3
SS Kitchen,0.5348944444444445,3
Crudessence,0.3430333333333331,2.5
TSS Grill,-0.1131,2
Brickyard Grounds,0.38709333333333334,3
Wyndham Grand Pittsburgh Downtown,0.48205714285714285,3
Umami,0.3196835789473681,2.5
Piccolo Restaurant,0.2461161764705881,2.5
Pardis,0.3040357142857143,2.5
Forever Rosemary,-0.2275666666666667,2
El Paso Bar-B-Que Company,0.37047222222222226,3
My Arepa,0.21954949494949497,2.5
JR Sweets,0.5345428571428571,3
Village Inn,0.04083448275862067,2
Pizza St Sauveur,0.0,2
Henri Saint-Henri,0.3216047619047619,2.5
Charleston's,0.32398714596949874,2.5
Cineplex Odeon Morningside,-0.15614999999999996,2
Sunnyside Grill,0.17531428571428576,2.5
Casa Rasta,0.2351431972789113,2.5
Arnaldo,0.03376,2
Caruso Gourmet Pizza,0.24418181818181817,2.5
Red Robin Gourmet Burgers,0.29457894736842105,2.5
Emilia Romagna,0.3842,3
Rivertowne,0.2147879432624114,2.5
Curry Kitchen By the Grange,0.04575555555555556,2
Hong Kong Garden Seafood & Dim Sum Cafe,0.3074323420074346,2.5
Grey Goat Pub And Grill,0.19372500000000004,2.5
MoCa,0.33139583333333333,2.5
Hello Bistro,0.3107462500000001,2.5
Phil & Tony's Pizza Brick Oven Pizza,-0.05433000000000001,2
A8 China,0.028487037037037036,2
Casa Amiga,0.84675,4.5
Bosa Donuts,0.2705739130434783,2.5
Salad and Go,0.38695999999999997,3
The Calvin Bar,0.32914000000000004,2.5
99 Cents Only Stores,0.0,2
Office 5 Bar & Grill,0.4445,3
Thang Long,0.2291090909090909,2.5
Wingstop,0.10598974358974356,2
Second Cup,0.3147939393939394,2.5
Dairy Queen,0.0,2
Tom's BBQ,0.23474424242424236,2.5
Simplee Sushi,0.2984908163265306,2.5
Barrio Fiesta of Manila,0.285925,2.5
Gourmet Burger Co,0.3495865853658537,2.5
Cinnabon,0.41834000000000005,3
Panera Bakery & Cafe,0.28500800000000004,2.5
LPK'S Culinary Groove,0.44026666666666664,3
Cotto & Crudo,0.23989090909090907,2.5
Noodleholic,0.29545070422535197,2.5
Mikado Japanese Restaurant,0.42321666666666663,3
The Works,0.23467142857142856,2.5
New Homemade Kosher Bakery,0.29502,2.5
The Ballroom Bowl Bar Bistro,0.28130588235294113,2.5
Ben & Florentine,0.5368857142857143,3
Cherubs Cafe and Candy Bouquet,0.27415,2.5
Greek House Food Market,0.34691538461538457,2.5
Spin Dessert Cafe,0.33775294117647053,2.5
The Mad Hatter,0.686525,3.5
Villa Y Zapata,0.3172163934426229,2.5
Mama Jo Homestyle Pies,0.2474410256410256,2.5
Quesada Burritos & Tacos,0.05702727272727273,2
Grill Fish Cool,0.06359767441860464,2
Spork,0.3578652037617553,2.5
Pizza Nova,-0.102775,2
Edo Japan,0.27626666666666666,2.5
San Francisco Style Sourdough Eatery,0.32952692307692305,2.5
The Markham Station Restaurant,0.1406606060606061,2.5
Macayo's Mexican Restaurant,0.22550526315789474,2.5
Club Hungaria,-0.026678260869565217,2
Willo Baking Company,0.11643333333333333,2
Cosmo's Plumbing,0.9231,4.5
Domino's Pizza,0.05303333333333333,2
Juice Almighty,0.277125,2.5
St. Louis Bar & Grill,0.20015135135135137,2.5
Burger King,0.17410000000000003,2.5
Wally's Pub and Grill,0.3329566210045659,2.5
Slim Chickens,0.24481009174311932,2.5
Franco's Pizza,0.5393000000000001,3
E2,0.32611748768472965,2.5
Dragon Ass Coffee,0.15404,2.5
Jet Garden Chinese Food,0.007500000000000007,2
Java House,0.5158571428571429,3
Pizza Shack,0.27201290322580646,2.5
House of Mei,0.2329491525423728,2.5
Don's II Pizza,0.4995428571428571,3
Chipotle Mexican Grill,-0.2801,1.5
Phuel Cafe,0.3105296928327645,2.5
Green Onion Pan Asian Cuisine,0.15043333333333334,2.5
Ravenous,0.41107272727272726,3
Jo-Ann Fabrics and Crafts,0.2059,2.5
Greg's Bar B Q,0.14598421052631577,2.5
Popeyes Louisiana Kitchen,0.39752,3
Dragon Flame Chinese Grill,0.3077352941176471,2.5
Table 17,0.27978861940298483,2.5
Veganbites Bakery & Espresso,0.4096904109589041,3
Wrights at The Arizona Biltmore,0.286567711598746,2.5
Restaurant Greenspot,0.1922357142857143,2.5
Demetrios Restaurant,0.2600133333333333,2.5
Pita Pure House,0.381111111111111,3
Bonjour Brioche,0.26147584442169924,2.5
Mandy's Fish And Chips,0.20458571428571432,2.5
Park Place Restaurant,0.2354316831683168,2.5
3 Amigos,-0.5139499999999999,1.5
Bar Louie,0.07738684210526314,2
Redendo's Pizzeria Ristorante,0.25832206896551724,2.5
Lito's Fine Mexican Food,0.34617105263157893,2.5
The Lunch Lounge,0.3165714285714285,2.5
Beefeater,0.17767999999999998,2.5
Village Cafe,0.15664687500000002,2.5
Door Fifty Five,0.40367999999999993,3
Mr Nick's Greek Kitchen,0.2529529411764706,2.5
Firkin on Harbour,0.12290294117647059,2.5
Carrie Cerino's Ristorante & Party Center,0.17683786982248523,2.5
Kalendar,0.306382162162162,2.5
Buffet King,0.5049833333333333,3
CJ's Talley's Pub,0.3689058823529412,3
Tucker's Marketplace Restaurant,0.013475000000000004,2
4 Life Natural Foods,0.5420499999999999,3
Ali Baba's,0.18721578947368422,2.5
Silver Spur Saloon & Restaurant,0.14580151515151518,2.5
Blue Hound Kitchen & Cocktails,0.2958024390243897,2.5
Eco Bistro,0.04791666666666666,2
Burger Factory,0.07633823529411764,2
Simpatico Espresso,0.38142999999999994,3
Chen's Chinese Bistro,0.37068933333333337,3
CherryBerry,0.42230000000000006,3
VegFest,0.1408,2.5
Le Comme Chez Soi,0.20262857142857144,2.5
Ben & Jerry's,0.3444181818181819,2.5
Pasta Tutti Giorni,0.25060000000000004,2.5
Purple Bubble Asian Cuisine,0.20401914893617018,2.5
Berrygood,-0.16913333333333333,2
Zea,0.3865357142857143,3
Efes Bar & Grill,0.5007777777777779,3
Le Cordon Bleu,0.49010000000000004,3
El Kora,0.31930000000000003,2.5
Jamba Juice,0.45906470588235293,3
Ichiban Sushi,0.2402545454545454,2.5
Crepes Club,0.30497031250000006,2.5
Lola,0.3201748236953464,2.5
Dans le Noir,0.12046666666666665,2
North Star Seafood Restaurant,0.41568125,3
La Parrilla,0.19730882352941173,2.5
Tropical Smoothie Cafe,0.230396,2.5
Bleachers Sports Grill,0.4123857142857143,3
Sbarro,0.1973333333333334,2.5
Calabria's Italian Restaurant,0.15586428571428573,2.5
Niagara Street Cafe,0.1911073529411765,2.5
Lola's,0.282272131147541,2.5
Sizzlers,0.10162222222222222,2
Thai Food To Go,0.3092242990654208,2.5
Piacquadio's Restaurant & Lounge,0.22182916666666672,2.5
Mariscos Playa Escondida,0.35244050314465447,2.5
Old Station Sub Shop,0.3105140625,2.5
Eliseevsky Restaurant,0.25326976744186047,2.5
Dunwellz,0.37214959999999964,3
Mick E Fynn's,0.2856222222222222,2.5
Okra Cookhouse & Cocktails,0.31383527575442277,2.5
White Flower Cake Shoppe,0.3247881355932203,2.5
Tian Xin Place,0.21290634920634924,2.5
L'Asie Resto Bar,0.23461153846153845,2.5
Think Chocolate,0.25676904761904756,2.5
Mr Greek Mediterranean Grill,0.20246415094339623,2.5
La Piazzetta,0.1147,2
Pita Lite Islington,0.5923499999999999,3.5
Kitchen 73,0.2717935064935065,2.5
Chick-fil-A,0.08937857142857142,2
Something Sweet Bakery,0.4794833333333334,3
New Town Deli,0.017550000000000003,2
Tony Roma's,0.26131600000000005,2.5
ABX American Burger Works,0.22197717391304347,2.5
Squirrel's Nest Restaurant and Bar,0.3099,2.5
Water & Ice,0.2282,2.5
Buffalo Wild Wings,0.17956956521739134,2.5
RETRO Dog,0.3299988847583642,2.5
L'Unita,0.3723603260869566,3
Days Inn Charlotte/Woodlawn Near Carowinds,0.317,2.5
Cravings,0.3027069999999997,2.5
Pizza Joe's & Deli,0.21576153846153845,2.5
World Market,0.4107,3
Giuseppe's Bar & Grille,0.29582857142857144,2.5
Chi-Town Hustler,0.2418959183673469,2.5
Jason's Barber Shop,-0.296,1.5
Packs & Dogs,0.028000000000000004,2
Cheese 'n Stuff,0.2555024390243901,2.5
Icehouse Lounge,0.6705,3.5
Kyoto House & Japanese Restaurant,0.2543036363636365,2.5
Tater's Cafe and Chophouse,0.23361333333333337,2.5
Barberian's Steak House,0.30250738255033527,2.5
MV Snacks & Sushi,0.3690142857142857,3
Mi Nuevo Nayarit,0.14382857142857142,2.5
Red Sail Boat Bakery,0.48545625,3
Second Bowl,0.5219346153846154,3
Frida,0.1610257575757576,2.5
Sittoo's,0.423875,3
The OWL's Meat Shop,0.41166,3
Motorino Enoteca,0.2077126436781609,2.5
Yori Q Korean Grill & Bar,0.23125611510791375,2.5
Dominic's,0.3103,2.5
Chaye Coffee & Tea,0.0915388888888889,2
Pizza Pizza,-0.017684615384615403,2
Cafe California Restaurant,0.27978320000000007,2.5
Greek Express,0.255975,2.5
Mariscos Las Playitas,0.5077083333333333,3
Golden Patty,0.2757858823529411,2.5
Fiesta Grill,0.035175000000000005,2
Dragon Chinese Restaurant,0.14524166666666669,2.5
Oh My Lard,0.3018,2.5
Golden Horse Restaurant,0.2225236842105262,2.5
Mi Pueblo Taco Shop,0.4437288461538461,3
Hangry Burger,0.19319576271186442,2.5
Jin's Chicken and Fish,0.4429857142857143,3
Yakamoz Grill,-0.11049999999999999,2
Casey's,0.06316818181818182,2
Atlasta Catering & Event Concepts,0.43436,3
Asia Thai Dat,0.2515230769230769,2.5
Bagel Buddy's,0.5407624999999999,3
Scratch Kitchen,0.16065555555555555,2.5
Anise Vietnamese Restaurant,0.40435444444444435,3
Mr Basrai's,0.3589272727272727,2.5
Don Tequila,0.28312500000000007,2.5
Holsteins Shakes and Buns,0.3241524793388434,2.5
Telsaan Tea Shop,0.48292500000000005,3
Ristorante Rusticone,0.3612,2.5
The Flame Broiler,0.3659599999999999,2.5
Aroma Taste of Middle East,0.27263076923076923,2.5
7-Eleven,0.75,4
Pearl Medspa & Wellness Center,-0.0516,2
King Buffet,0.2136137931034483,2.5
Callville Bay Resort & Marina,0.28309999999999996,2.5
V's Caribbean Restaurant,0.3787830188679245,3
Wize Guyz Pizza,0.29875384615384615,2.5
Applebee's,0.2559117647058824,2.5
Great American Cookies,0.45493999999999996,3
Villager,0.41665168539325825,3
Pink Lemon Bake Shop,0.480225,3
Cross Creek Inn,0.2414,2.5
Greenleaf's & Bananas,-0.27026666666666666,1.5
BLT Steak,0.32653980855855913,2.5
Bruster's Real Ice Cream,0.37172083333333333,3
Peridot Resto Lounge,0.2785983050847458,2.5
Un Autre Restaurant,0.4289652173913044,3
Flying Saucer Draught Emporium,0.3122440366972476,2.5
Outback Steakhouse,0.18446250000000003,2.5
Sweet Republic,0.381929478756023,3
Great American Food,0.33612482269503535,2.5
Manuel's Fine Mexican Food,0.4274333333333333,3
Nail Quest,0.6249,3.5
Papa John's Pizza,0.27155,2.5
El Chullo Peruvian Restaurant & Bar,0.3586201999999999,2.5
Don Pablo's,0.13612200000000002,2.5
ROKs Tacos - Korean BBQ Tacos,0.2674238095238095,2.5
Fat Tuesday,0.8209,4.5
Henrick's Bar,0.4387743589743589,3
Hex Coffee,0.49228571428571427,3
Nile Ethiopian Restaurant & Grocery,0.47857307692307693,3
Hodo Kwaja,0.3184394009216588,2.5
My Daddy's Bakery and Cafe,0.34171147540983593,2.5
Goldenview Chinese Restaurant,0.2543000000000001,2.5
Holiday Inn Hotel & Suites Phoenix Airport,0.4033,3
Five Star Korean BBQ,0.17323333333333335,2.5
Noble Bistro,0.27812413793103447,2.5
Delices Bio (Les),0.5955,3.5
Olive Garden Italian Restaurant,0.34357023809523807,2.5
Sai Sushi,0.2740866242038216,2.5
Camille's Sidewalk Cafe,0.1377357142857143,2.5
Wok & Roast Chinese BBQ,0.284515172413793,2.5
Firehouse Subs,-0.0193,2
Thai Express,0.16459000000000001,2.5
Fire,0.3340893794749409,2.5
Hacienda Hotel & Casino,0.27293529411764705,2.5
The Inn on Negley,0.3426438016528924,2.5
What A Bagel,0.249415,2.5
IHOP,0.3215,2.5
Defelice's Deli,0.13406,2.5
The Toasted Cork,0.28477704918032787,2.5
Prince of India,0.08435714285714287,2
Papago Brewing,0.2964473684210524,2.5
Sur La Table Cooking Class,0.5127,3
Kitchen Cargo,0.4125466666666667,3
Rickshaw Bar,0.3239204460966541,2.5
The Herb Box,0.3840001225490201,3
Dario's,0.3612,2.5
The Chase Fish & Oyster,0.31629206625980844,2.5
Novecento Pizzeria,0.3231740671641788,2.5
King's Family Restaurants,0.013463636363636384,2
A & B Barbershop,-0.0708,2
Bruno's Pizza,0.15144285714285716,2.5
Aldar Mediterranean Cuisine,0.17250000000000001,2.5
Sacred Hour Wellness Spa,0.5719,3.5
Slots A Fun,0.10300000000000001,2
Hooters Casino Hotel,0.18536774193548392,2.5
Annies Sur-Le-Lac,0.4064571428571429,3
Tammie Coe Cakes,0.4901615384615384,3
Al's Garage,0.2442657142857143,2.5
Kabab Masala,0.4668,3
Chart House,0.302093521126761,2.5
Kepner's Tavern,0.21435185185185188,2.5
Shapla Tandoori Restaurant,-0.2291375,2
Smoke's Poutinerie,0.1961138888888889,2.5
Kingston Chinese Restaurant,-0.11900384615384615,2
Republic Rare Coins,0.27815,2.5
Foothills Tavern,0.12326666666666665,2.5
Kanda,0.3815928571428571,3
Mickies Dairy Bar,0.18747050359712233,2.5
Old Beijing BBQ,0.27368421052631575,2.5
West Side Slices,0.23915,2.5
Quaker Steak & Lube,0.2744971014492752,2.5
Arizona Native Frybread,0.3791105263157895,3
Woodbridge Ribfest,0.5562,3
The Rocket Truck,0.5339833333333333,3
Pei Wei,0.24055732484076428,2.5
Cafe Milano,0.38125471698113206,3
3734,0.2178,2.5
General Tso's Chinese Food,0.2322,2.5
Kirei Sushi + Bar,0.2723709803921568,2.5
African Delight Cafe and Restaurant,0.4716,3
New City Restaurant,0.2565030181086517,2.5
Rhum Corner,0.3925585492227976,3
Cafe Vita,0.31825581395348845,2.5
First In Flight Bar,0.295825,2.5
Parrillada Che Gaucho,0.18122584269662922,2.5
Noodlecat,0.13281500000000002,2.5
Cafe Rio,0.22683750000000003,2.5
Slice of Vegas,0.29796266490765194,2.5
North of the Bayou,0.36569473684210524,2.5
Hakka Masala Restaurant,0.047203999999999996,2
Oscar Taylor's,0.44425,3
Manchurian Madurai,0.3455593749999999,2.5
Club del Medio - Chiviteria Uruguaya,0.0,2
Fried & Fabulous,0.24205421686746992,2.5
Roti Cuisine of India,0.3139256983240222,2.5
Fettykil Fox - Vintage Inns,-0.11812,2
Tum Nak Thai,0.3229583565459614,2.5
Axis Theater Planet Hollywood,0.5994,3.5
Vinnie Gambini,0.4071318181818182,3
Upper Crust Pizza Patio & Wine Bar,0.3488758497316636,2.5
Fuegos - Steak Tapas Vegan,0.3774135714285713,3
Johnny J's Pub & Grille,0.18672499999999997,2.5
The Ghurka,0.043366666666666664,2
Arc Bar,0.0402625,2
Subba,0.28879457831325317,2.5
Biryani Kabab and More,0.27061111111111114,2.5
Juicy Olive Bar & Grill,0.5882999999999999,3.5
Jack Astor's Bar & Grill,0.1748870967741936,2.5
Menchies,0.13113333333333335,2.5
The Dinner A'fare,0.1700263157894737,2.5
RadioShack,0.296,2.5
Fin Izakaya,0.2284210526315788,2.5
Ginbu 401,0.28190223642172507,2.5
Luk's Soft Pretzels,0.21095714285714287,2.5
Campus Bubble Tea,0.31826000000000004,2.5
The Riverside Restaurant,0.3593545454545455,2.5
Radical Road Brewing,0.3584739130434783,2.5
Saffron Day Spa,0.6706,3.5
Tandoori Chaska,0.19368181818181823,2.5
The Honours,0.3908334975369456,3
So Good,0.08372941176470587,2
Marie Callender's Restaurants & Bakeries,0.22275000000000003,2.5
Villa Pizza,-0.02152333333333333,2
Sweet Peaches,0.3205452631578948,2.5
Grandma Rose's Catering & Pastry,0.14123999999999998,2.5
The Kort Haus,0.23549999999999996,2.5
Figs Home & Garden,0.1007,2
Cafe Sausalito,0.07539310344827586,2
Le Simone,0.0,2
Indian Bowl Cuisine,0.3131211267605635,2.5
Jinmee Korean Cuisine,0.2366103448275862,2.5
Gyrosology,0.4365302325581394,3
Fat Guys,0.40027500000000005,3
Pacers,0.2798052631578948,2.5
Sabina's Casual Dining & Pub,0.07279411764705884,2
Patate & Ciboulette,0.27862857142857145,2.5
Subtle,0.34507272727272725,2.5
Samurai Sam's,0.3145133333333333,2.5
Yoforia,0.22024285714285713,2.5
Cora's Breakfast & Lunch,0.3547758620689655,2.5
Mariscos Camaron Pela'o,0.2863780821917808,2.5
Restaurant Yotis,-0.23224999999999998,2
Christy's Landing,0.15520689655172415,2.5
Little Asia,0.3094,2.5
Second Breakfast,0.41640232558139545,3
Blue Wasabi Sushi and Martini Bar,0.3575999999999997,2.5
Taj Mahal,0.31320815109343925,2.5
U Tea,0.17231666666666667,2.5
Imbiss Restaurant,0.06808571428571429,2
Little Athens's Catering,0.2066285714285714,2.5
Sheraton Charlotte Airport Hotel,0.1048,2
The Flying Squirrel,0.42572903225806463,3
Paul Kee Open Kitchen,0.22051538461538456,2.5
Hibachi Express & Grill,0.14242653061224492,2.5
The Buddhist Vegetarian Kitchen,0.2632252873563218,2.5
Frascati in the Valley,0.17828333333333332,2.5
West Park Station,0.13709189189189191,2.5
Piada Italian Street Food,0.37037619047619047,3
Trader Vic's,0.18095196078431378,2.5
Culver's Frozen Custard,0.4480909090909091,3
Amaya Express,0.11440444444444446,2
Da Emma,0.3079957575757575,2.5
Gerrard Spaghetti & Pizza House,0.279762962962963,2.5
Muncheeze,0.18587232142857144,2.5
Standfield Grill House,0.3140769230769231,2.5
Eggsmart,-0.05447,2
Caffe Lucano,0.20315714285714284,2.5
Mister Baguette,0.2628787878787879,2.5
Pho All Seasons,-0.0024648648648648783,2
Mint Indian Bistro,0.3207063951120168,2.5
Pizza Company,0.35162344827586217,2.5
Bistro Japonais Furusato,0.38522765957446814,3
Pita Cafe,0.31611666666666655,2.5
Nando's Mexican Cafe,0.2610532019704431,2.5
Pepper Palace,0.33262,2.5
Lager & Vine,0.37186744186046516,3
Iberia-Sur Restaurant,0.04303829787234043,2
KFC,0.3537333333333333,2.5
Cafe Du Jour,0.38813753753753727,3
Mrs MacIntyre's,0.37629999999999997,3
Gold Zen Japanese & Asian Dining,0.19378399999999998,2.5
Fondita Olvera,0.2729642857142857,2.5
Miller & Sons Supermarket,0.6124,3.5
Fry's Food & Drug Stores & Fry's Marketplace,0.66085,3.5
Chez Cora,-0.24786666666666668,2
Margarona Mexican Bar and Grill,0.16635714285714284,2.5
Moe Pancer's,0.2525337078651686,2.5
Tako Sushi,0.39963124999999994,3
Restaurant Trevi Pizza,0.34550000000000003,2.5
Dolce21 Dessert House,0.24150651465798023,2.5
Rivage,0.37545555555555554,3
Gavino's Pizzeria,0.47008333333333335,3
Restaurant Nouveau Delhi,0.5003,3
MR GREEK,0.30453913043478265,2.5
Stetson Scottsdale Bar,0.62128,3.5
Aroma Espresso Bar,0.4767461538461538,3
Le Couteau,0.20244583333333332,2.5
Bailiwick,0.3283485029940116,2.5
Lucky Moose Food Mart,0.257953488372093,2.5
Modern Nails - Las Vegas,0.7096,4
Falafel Xpress,0.37107433628318615,3
Laura Secord,0.08101249999999999,2
Nobhill Tavern by Michael Mina,0.3164442415730339,2.5
Folie en Vrac,0.116675,2
Del Taco,0.4825166666666667,3
FCO di Fiumicino,0.14974814814814816,2.5
Bobby C's Bar & Lounge,0.3088216666666667,2.5
Al Aruba,0.28981999999999997,2.5
Toby Keiths I Love This Bar & Grill,0.19971666666666668,2.5
Taffies Cafe,0.20425116279069763,2.5
Salam's Market & Deli,0.022016666666666684,2
The Cracked Egg,0.2873623488773747,2.5
Veritas Local Fare,0.35761538461538467,2.5
Restaurant Le Boeuf Gourmand,0.43378888888888884,3
Giorgio (Les Restaurants Amerique Ltee),0.503825,3
Sushi 2 Go,0.35195,2.5
Tandoor et Grille,0.34616111111111114,2.5
Uoshiki Sushi,0.18341058201058202,2.5
The Bowl Kee Restaurant,0.22482499999999997,2.5
Jerk King,0.17243546099290777,2.5
Fragapane Bakeries,0.3200821917808219,2.5
Irie Patties - Caribbean Street Food,0.22682291666666674,2.5
Tosca Ristorante,0.5222800000000001,3
A&W All American Food,0.04494999999999999,2
Dame Tartine Dejeuner Et Diner,0.34579629629629627,2.5
Pombalense Bakery,0.3486,2.5
Lancers On 21,-0.03563636363636364,2
Dip'n Sip,0.4161333333333333,3
Bell Trans,0.6059,3.5
Teriyaki Experience,-0.47014999999999996,1.5
JR's Dairy Bar,0.29032857142857144,2.5
Michael's No Frills,0.15824545454545455,2.5
Loaded Sandwich Bar,0.25900833333333334,2.5
Westside Les',0.5106,3
Blu Burger Grille,0.25754591439688695,2.5
Cucina Di Domenica,0.13170322580645158,2.5
Elizabeth Billiards,0.0516,2
Astoria Shish Kebob House,0.11443200000000002,2
Brasserie le Manoir,0.30542631578947366,2.5
Salsitas,0.19863125,2.5
Thai & Noodle Outlet,0.311968613138686,2.5
Gong Cha Tea,0.31938644067796584,2.5
Patisserie De Gascogne,0.3899944444444444,3
The Olde Mecklenburg Brewery,0.17746666666666666,2.5
Noodle House,0.4815428571428571,3
Tutti Fruitti,-0.16990000000000002,2
Winchester Kitchen & Bar,0.21475,2.5
Pizza Hut,0.061599999999999995,2
Williams-Sonoma,0.25495,2.5
Taberna del Tequila,0.0748601851851852,2
Campus Biryani & Gyros,-0.03711617647058819,2
Caffe Demetre,0.3474298245614036,2.5
My Thai,0.2953226666666665,2.5
Sushi Burrito Bowl,0.3278826086956522,2.5
Spanel,0.402044,3
Get It Quick,0.2766384615384615,2.5
Garfunkels Restaurants,0.3065260869565218,2.5
Fat Willy's,0.06171363636363638,2
Brazas Brazilian Grill,0.5266900000000001,3
New China,0.24143529411764705,2.5
Barnes & Noble,-0.0258,2
Zeal Burgers,0.3963395348837209,3
Barsa Taberna,0.3352607064017663,2.5
Passage To India,0.3056282710280372,2.5
The Peach Stand,0.3535613861386138,2.5
Four Seasons Hotel Las Vegas,0.16565454545454547,2.5
Maddy's Fatty's,0.2616483870967742,2.5
Ziegler's New York Pizza Dept,0.08784,2
Edible Arrangements,0.10815000000000002,2
Omni Montelucia Resort & Spa,0.7307400000000001,4
Piano Piano,0.27440103626942997,2.5
The Blind Pig,0.18305000000000002,2.5
Restaurant Pasta A Piacere,0.012588888888888908,2
Bella Fresco,0.23754807692307692,2.5
Big Shot Bob's House of Wings - South Side,0.46062500000000006,3
Ssam,0.24460322580645166,2.5
White Castle,0.274075,2.5
Island Heat Dinner Show,0.3854125,3
Foodies Haven,0.21744166666666667,2.5
China China Palace,0.3217153846153847,2.5
Pile Ou Glace,0.19258888888888887,2.5
Mayan Mexican Grill,0.3182,2.5
Trader Joe's,0.4724671641791045,3
Buck & Rider,0.3777038016528929,3
Delicious Factory,0.44245,3
XiangZi Hotpot,0.2664116279069768,2.5
Grandma Campbell's Fresh Bake,0.3808988636363638,3
Silver Mine Subs,0.3069111111111111,2.5
Fin Sake Bar Oakville,0.2373780487804878,2.5
Taste of Greek,0.16196666666666668,2.5
River Tai,0.0,2
Tokyo Joe's,0.29657013888888906,2.5
Ample Food Market,0.14072,2.5
Colonel Mustard's,0.04222820512820513,2
Ambrosia Natural Foods,0.4404,3
Shaxian Delicacies,0.13806981132075477,2.5
Cha Cha Laca,0.10542666666666671,2
Coffee Rush,0.33049999999999996,2.5
The Curry Leaf,0.009190000000000009,2
Great Steak & Potato,0.32385,2.5
Ingallina's Box Lunch,0.34576666666666667,2.5
T-Bones Sizzling Steaks & Burgers Drive-In Restaurant,0.2504477551020406,2.5
Lebanese Bakery,0.33107,2.5
Subway,-0.06168333333333333,2
786 Halal Restaurant,0.41913846153846157,3
Ass Clown Brewing Company,0.24515357142857144,2.5
Tega Cay Gourmet Deli,0.30888476190476183,2.5
Mucha Lucha Taco Shop,0.36577581047381535,2.5
Gordon Ramsay Burger,0.28782851562500006,2.5
Viva Raw,0.35226712328767096,2.5
Chop Chop Chinese Kitchen,0.07623333333333333,2
Fatma,0.16513076923076925,2.5
Cobs Bread,0.34252499999999997,2.5
Smith's Store,-0.04064285714285714,2
WuHu Noodle,0.28130742187499985,2.5
Panagio's All Day Grill,0.31152783505154646,2.5
Jack In The Box,0.3015,2.5
Belly Backers,0.31166000000000005,2.5
Hibachi Teppanyaki & Bar,0.2930747126436781,2.5
Q Tavern,0.174348,2.5
Steve's Deli,0.3886727272727273,3
China Garden,0.04512000000000001,2
Dollar Rent A Car,0.0,2
StonePepper's Grill,0.16395789473684214,2.5
PT's,0.4087083333333334,3
Chez Jacquie & France,0.25131290322580646,2.5
Anancy Restaurant,0.1734166666666667,2.5
Whataburger,0.2777354166666666,2.5
El Pollo Loco,0.3606559139784947,2.5
Plaza Premium Lounge,0.1506714285714286,2.5
Urban Angel,0.41506021505376345,3
Afghan Cuisine,0.30939999999999995,2.5
Black Dog Kitchen & Bar,0.25668139534883727,2.5
The Big Cannoli,0.34439333333333333,2.5
The Bristol Bar & Grill,0.46038888888888896,3
Pet Planet,0.19076666666666667,2.5
Bona Deli,0.5119250000000001,3
Africana Restaurant and Lounge,0.2910333333333333,2.5
Mi Barrio's Halal Cart,0.2799545454545454,2.5
Poutine En Folie,-0.15313333333333334,2
Steep & Brew West,0.2772307692307692,2.5
Tasty's Caribbean Take Out,0.09185833333333333,2
Arbia Cafe Eatery,0.5608333333333332,3
Wok Express Chinese Food,0.5529928571428572,3
China A Gogo,0.2990245059288535,2.5
Danny's Pizza,-0.1739,2
Peter Wong Chinese Restaurant,0.11565263157894737,2
Churros Montreal,0.5274749999999999,3
Foxxy Lady's Let's Party Cupcakes,0.2333263157894737,2.5
Green Grotto Tea Room-Elgin Mills,0.4056125,3
Cruisers Bar and Grill,0.37106666666666666,3
Al Paradiso,0.2846166666666667,2.5
Jade At the Palazzo,0.19592083333333335,2.5
NoDa Brewing Company,0.42983333333333323,3
Jimmy John's,0.03673333333333333,2
Extreme Pita,0.49606666666666666,3
Le Petit Bas Perdu,0.531875,3
Isabella's Kitchen,0.24192857142857135,2.5
Grand Brew,0.20374285714285717,2.5
Schenley Park Cafe,0.1626875,2.5
Shogun,0.17249857142857145,2.5
Fuzzy's Taco Shop,0.22776296296296294,2.5
Tat Burger,0.23233968253968254,2.5
Starbucks,0.11658000000000002,2
South Mountain Cafe,0.37928514851485134,3
Sweet Jesus,0.23837744140625047,2.5
The Kirtland Diner,0.08425555555555557,2
Pazzo,0.1479902255639098,2.5
Chick'N'Deli,0.35064,2.5
Aielli Ristorante,0.26137199999999994,2.5
Nha Trang Restaurant,0.19747185185185184,2.5
Scotthill Carribean Cuisine,0.42595,3
Original Pancake House,0.29072010135135107,2.5
Roots Cafe,0.46291612903225804,3
Pho Ong Rau,0.2432033333333333,2.5
Windy City Beefs N Dogs,0.3040525581395347,2.5
Leatherby's Ice Cream Shop,0.11019999999999998,2
Taco Mich & Bar,0.32304375,2.5
Rosati's Pizza,0.2365,2.5
Meatballz,0.25464333333333333,2.5
Cuyahoga Falls Deli,0.38912142857142856,3
Sandwich Corner,0.3538545454545454,2.5
King Putt,0.8807,4.5
The Good Egg - Val Vista,0.3693453124999998,3
Stack Dim Sum Bar,0.34596911764705873,2.5
Steel Cactus,0.18577783505154621,2.5
Bajio Mexican Grill,0.2073409090909091,2.5
Hakata Shoryuken,0.24528145985401464,2.5
Golden Krust Caribbean Bakery & Grill,0.1594734693877551,2.5
Pit Boss BBQ,0.2419423076923077,2.5
Nam Sandwich,0.31902405063291145,2.5
Caribbean Spice,0.22214740740740713,2.5
Sri Venkateswara Temple,0.47438,3
Carlos O'Brien's - Phoenix,0.23754079422382665,2.5
Pizza Roma & Restaurant,0.44455833333333333,3
Godavari Indian Cuisine,0.1213294117647059,2
O'Charley's Restaurant & Bar,0.24327757009345796,2.5
Tomo Japanese Restaurant,0.3285463503649638,2.5
Wally's on Steeles,0.30795806451612906,2.5
Absolute Restaurant & Cafe,0.2969712643678161,2.5
Popeyes,-0.2787,1.5
Holiday Inn Cleveland-S Independence,0.3981,3
Niki's Pizza,0.43342142857142857,3
Cygnet Coffee,0.721725,4
The Cellar At Duckworth's,0.3198652421652417,2.5
King David Pizza,0.03862666666666668,2
Blue Plate,0.60655,3.5
Cold Stone Creamery,0.24359272727272735,2.5
Dillinger's Tap Room,0.44315,3
Boccaccio Ristorante,0.28729,2.5
Zeppe's Pizzeria,-0.008424999999999988,2
Mesa Grill Co,0.21097068965517246,2.5
Bellagio Gallery of Fine Art,-0.0481,2
Sholay,0.29916440677966105,2.5
Tokyo Peking Asian Restaurant,0.2500034482758621,2.5
Total Wine & More,0.24923333333333333,2.5
Fatburger,0.032806862745098066,2
Apkujung Restaurant,0.25723627450980396,2.5
Bull Dawgs,0.7424,4
Feast Buffet,0.19681801801801801,2.5
Panda Express,0.3694333333333333,3
LOCAL Public Eatery,0.2976864285714285,2.5
The River Brasserie & Bar,0.18208571428571427,2.5
Slices Pizza,0.2782952380952381,2.5
Sushi Garden,0.20436195652173922,2.5
The Garrison,0.4063363636363636,3
Hiro Sushi,0.193975,2.5
La Grotta on Main,0.17619687500000003,2.5
The Legacy Golf Club,0.35550000000000004,2.5
Fresh & Easy,0.6369714285714286,3.5
Dumpling King,0.21986428571428537,2.5
Barro's Pizza,0.2094111111111111,2.5
Nozy,0.2856677083333332,2.5
Troy Mediterranean Grill,0.18765357142857142,2.5
East China,0.0015999999999999903,2
Secreto,0.21472089552238802,2.5
The Coffee Bean & Tea Leaf,0.05199,2
Shalimar Restaurant,0.24855624999999998,2.5
Port of Subs,0.09695000000000002,2
La Coupole,-0.033938888888888886,2
Pushap Restaurant,0.5388625,3
