blame,understand,afford,lie,bother,deny,tolerate,handle,affect,count,suck,tell,ignore,trust,warn,judge,manage,assure,know,guarantee,realize,exist,ruin,deserve,recognize,deter,happen,complain,anymore,describe,worry,mean,allow,imagine,assume,forgive,warning,scare,speak,specify,screw,begin,believe,fail,deliver,justice,ashamed,figure,comment,forget,wonder,matter,math,fooled,fool,advertise,learn,say,hear,hold,hate,notice,use,see,knock,mention,identify,rip,give,waste,bump,resist,remember,truth,express,keep,beat,steer,recall,disappoint,make,expect,serve,change
rocked,smash,ds,obligatory,pitts,wheres,whoa,ruby,jacks,nah,captain,daddy,om,mate,ultimate,ah,beefs,chi,coney,holy,biz,cow,ole,bleh,mama,monkey,damned,kfc,piggy,o,slap,pictured,blu,triple,www,http,boo,shack,hotdogs,harbour,w,hero,bomb,vienna,wolf,dos,louis,seller,chuck,pun,kings,bo,mighty,smh,yup,freakin,jack,aaa,flame,duo,killer,hotdog,improper,dominos,rising,ruben,drooling,soooooo,fatburger,bout,bro,ironically,proclaimed,deluxe,fil,popeyes,wendys,n,pig,omg,bullet,cure,bombs,em,charts,robin,wing,strikes,stole,kicker,yay,priest,hells,mary,won
charger,remote,passenger,mobile,plug,automated,computer,trailer,cameras,lock,cable,clock,gate,secure,camera,radio,gps,letters,alarm,code,kiosk,indicating,unlocked,kiosks,opener,connect,record,loading,ship,computers,iphone,directly,automatic,zip,license,attendant,slip,button,fuel,signal,stolen,keys,garage,security,lane,laptop,meter,cops,direct,locked,release,holder,hopped,pin,guards,directed,bixi,handicapped,overnight,reverse,phones,sticker,ipod,haul,suddenly,proceed,maid,nearest,isle,designated,system,retrieve,screen,hitch,stroller,wheelchair,atm,drives,bypass,tow,released,tablet,map,handy,orlando,machine,queue,validate,neighbor,showing,locate,gas,shipped,checkout,troubles,registers,key,ins,avail,supposedly,periodically,factory,sign,ups
soaked,dripping,grease,folded,foil,dried,burned,soaking,frying,rubber,underneath,rubbed,wet,layer,uncooked,dumped,crumbs,chewing,cardboard,pile,smashed,melted,wrapper,bubbles,rim,lick,outer,melting,slapped,burning,fryer,yuck,biting,floating,steaming,edges,formed,falling,scooped,wrapped,burnt,thrown,heated,ground,tongue,sand,rotten,microwave,knife,microwaved,lamp,rag,toss,powered,squares,vomit,toaster,burst,sticky,reheated,warmed,buried,spit,leftover,soak,finger,fork,lean,covered,excess,licked,processed,stale,partially,inch,temp,stacked,chopsticks,brushed,crack,touched,skinny,oven,sloppy,freeze,fingers,pressed,flat,cooled,temperature,mass,piled,mouths,claw,legs,shell,bottom,temperatures,smelled,inches,contents,deep,apart,prepped,upside,smell,heat,barely,mess,oil,grill,hot,fired,top
karen,sean,jennifer,kelly,linda,dave,amy,todd,cindy,christian,anthony,randy,angela,ryan,josh,james,amanda,gary,aaron,jordan,kenny,taylor,jesse,brian,jessica,alicia,luis,eric,richard,melissa,daniel,jay,andrew,alex,david,ashley,katie,robert,brad,scott,john,jason,christine,rick,tyler,lisa,heather,sarah,holly,nicole,stewart,matt,thomas,mike,bryan,carol,jeremy,nick,peter,dylan,emily,chris,jerry,kyle,steve,tracy,laura,shawn,frank,rob,pam,brandon,sandy,tara,maria,rachel,kevin,anna,joseph,michelle,danielle,tina,shannon,charles,jenna,megan,jon,hannah,pablo,ms,gabi,jim,patrick,jen,susan,dan,brittany,stephanie,melanie,georgina,allen,erin,kim,doug,adam,lee,greg,jenny,lauren,dana,bob,justin,cooper,ben,julie,consultant,paul,george,martin,nelson,misty,sterling,henry,jake,ted,ken,teacher,sweetheart,lindsey,jeff,tony,sam,nikki,carlos,realtor,tiffany,mario,nathan,eddie,ann,cosmetic,walker,tommy,rescue,instructor,elizabeth,ccw,perfectionist,bravo,adams,manning,austin,locksmith,copperfield,charlie,jan,andy,jose,dawn,mrs,mr,ross,amber,hampton,craig,jr,crew,tattoos,jin,follows,tattoo,bless,team,woo,named,pat,mans,gals,endings,joe,blessed,drew,gal,foremost,role,royalty,thanks,thank
chic,sleek,rustic,cosy,contemporary,minimalist,divey,aesthetic,classy,stylish,trendy,dimly,modern,elegant,homey,industrial,decoration,swanky,sophisticated,quaint,decorated,lively,artsy,stuffy,cozy,surroundings,theme,lighting,mellow,dingy,eclectic,roomy,luxurious,charming,attractive,bustling,sexy,intimate,inviting,unpretentious,ambient,esque,warmth,interior,cluttered,posh,depressing,character,hip,shabby,urban,lit,unassuming,serene,decor,upscale,tastefully,dated,funky,ambience,vibe,hipster,festive,prison,trashy,tacky,quirky,layout,charm,peaceful,bright,spacious,brighter,ambiance,romantic,chaos,environment,makeover,acoustics,cor,soothing,outdated,setting,formal,calming,villager,tidy,refined,pretentious,airy,retro,rundown,spaced,adorable,atmosphere,comforting,relaxed,neat,hangout,draws,casual,vibes,laid,appearance,screams,pub,dive,feels,semi,largely,renovated,cute,dark,suited,wee,cafeteria,novelty,cool,ideal,fancy,guu,fits,dim,looks
bei,mehr,hier,einfach,werden,etwas,uns,immer,recht,dann,fazit,zwei,leider,dort,beim,zu,zum,vor,keine,bis,viel,zur,einen,alle,nur,wieder,nach,alles,haben,mir,auch,aber,doch,noch,ohne,wurden,zwar,sie,von,kommen,wurde,preis,jedoch,wie,waren,diese,dem,auf,nke,eigentlich,wirklich,eine,allerdings,nicht,hin,sagen,wenig,sein,sich,einmal,minuten,dass,einem,lokal,dazu,eher,schon,kellner,denn,andere,meiner,wird,viele,gerne,schnell,wenn,ganz,gef,weil,unter,kann,speisen,sollte,geht,gute,platz,muss,meine,leute,aus,wohl,gl,kommt,besser,ja,nie,kam,guten,kleinen,sauberkeit,einer,richtig,wir,besuch,anderen,nette,jetzt,ein,oder,getr,ich,sterne,nun,gro,ber,nichts,vom,sehr,sind,obwohl,essen,heute,nett,zeit,tisch,gehen,bekommen,hatten,dabei,eur,voll,fr,ambiente,gibt,lange,karte,hatte,uhr,frisch,paar,mal,echt,gar,gab,allem,musik,durch,zimmer,bedienung,sondern,tte,gew,sogar,mich,selbst,finde,daf,nnte,glich,ist,empfehlen,gerichte,abend,allgemein,machen,habe,preise,kein,sauber,diesem,wer,freundlich,ste,dieser,den,chte,wo,besonders,sch,geschmack,hst,absolut,dieses,erst,kleine,bestellt,gutes,nnen,der,auswahl,war,direkt,gr,vorspeise,mit,da,rt,ordnung,das,nen,bier,klein,salat,lecker,und,che,stuttgart,ck,jeden,als,oft,gut,gen,ab,atmosph,macht,ter,es,qualit,ob,sp,teller,ig,tlich,dies,prince,euro,h,z,gig,laden,hat,emma,genie,pei
trout,venison,crusted,risotto,squash,cavatelli,carpaccio,schnitzel,butternut,gnocchi,couscous,broccolini,fettuccine,linguini,burrata,pierogies,ragu,polenta,bolognese,swordfish,halibut,pate,asparagus,linguine,blackened,squid,bok,scallop,seared,arancini,skewer,parmigiana,clams,prawns,choy,cauliflower,confit,sturgeon,gouda,eggplant,tortellini,marinated,meatloaf,rigatoni,escargot,grits,crostini,tartar,braised,ravioli,carbonara,mushroom,gnudi,veal,tenderloin,chilean,cous,paella,fritters,crudo,gras,octopus,hawaiian,sprout,leek,caviar,marsala,ricotta,penne,pakora,pomodoro,haggis,liver,cod,shank,saut,gazpacho,foie,roasted,heirloom,tartare,pierogi,spiced,scallops,succulent,ox,frites,cured,chowder,chops,chorizo,clam,trio,quail,loin,yam,creamed,smoked,shrimps,beet,mussels,flank,breaded,plantain,paprikash,saltado,plump,duck,barley,scampi,lomo,breast,gratin,collard,alfredo,skins,cheek,lamb,arepas,brussels,hush,flan,accompaniment,fingerling,bisque,calamari,pigs,standout,brussel,arepa,bass,maine,saffron,hen,paired,puppies,bouche,thigh,hubbys,popovers,lump,marrow,amuse,portioned,mouthwatering,marmalade,accompanied,sole,wild,dente,sprouts,chop,brisket,louie,sea,belly,highlight
minister,ceremony,photographer,groom,photography,coordinator,capture,engagement,planner,captured,photographs,bride,newborn,mindy,weddings,shoot,bouquet,bruce,guided,wedding,flowers,guides,pjs,shooting,ideas,photos,chapel,arrangements,marriage,photo,selecting,audio,guide,bridal,presidential,reception,arrangement,pictures,led,arranged,pics,accommodations,throughout,timers
additions,blends,variations,handmade,imported,sourced,grains,cheeses,exotic,twists,innovative,contains,fruits,combinations,syrups,speciality,blend,oils,twist,juices,organic,delights,variation,staples,proteins,creations,galore,classics,assorted,varieties,artisan,versions,spreads,textures,jams,distinct,consisting,recipes,mustards,produced,seasonal,specialties,containing,experiment,baking,flavours,inspired,contain,hints,palette,components,concoctions,locally,medley,represented,emphasis,creativity,combined,refrigerated,crafted,pans,examples,chilis,creation,imports,breads,chickens,alongside,essential,mix,specialize,favors,spectrum,premade,generic,combine,differences,meats,farm,ect,ingredients,basics,acquired,plant,cleanse,alternatives,create,recipe,fillings,favorites,uses,boars,profile,scratch,flavors,example,spanish,surprises
inflated,outrageous,moderate,competitive,comparable,higher,premium,justified,steep,quantity,cheapest,bargain,value,hefty,pricing,fraction,lowest,increase,equal,lower,competitors,fair,expensive,increased,affordable,wise,reasonable,compared,caliber,reduced,relative,tag,acceptable,justify,low,quality,standard,lesser,steal,unreasonable,outrageously,equivalent,price,rates,decently,inexpensive,highest,ranges,average,prices,insane,pricey,terms,rate,considering,decent,grade,scale,moderately,lousy,cheap,standards,par,basic,below,priced,ridiculous,sizes,budget,high,expectation,reasonably,vs,match,buck,worth,above
arena,league,cultural,historic,cycling,disney,historical,wrigley,globe,era,warhol,gardens,warehouse,tracks,loft,punk,engineering,smiths,storefront,orchestra,bears,premier,century,newest,boutiques,resident,fame,ropes,science,blues,symphony,converted,regal,generation,planes,madness,noda,schools,jones,bettys,asu,nevada,gang,climbing,dodge,saloon,themed,amsterdam,petting,crawl,scotland,pond,festival,society,haven,hunting,maze,junior,haunted,teen,sonic,core,exclusive,fox,latest,diamond,pits,weed,secrets,tuned,shining,angels,alien,former,cheers,glory,built,renovation,deer,hemingways,pumped,jackson,transported,storm,rad,drawn,rink,cigar,abandoned,remodeled,fighter,peeps,battle,distillery,presents,drift,granite,backyard,crash,beast,survived,newly,cirque,episode,awaiting,renovations,newspaper,feat,pit,partly,perk,nostalgia,groove,hound,rock,living,hole,old
professionally,detailed,thorough,scheduling,installers,ensuring,efficiently,meticulous,understanding,communicated,communicating,communication,seamless,ensure,painless,handled,technicians,technician,procedure,ensured,manner,flexible,explaining,discussing,lance,upfront,process,delivering,task,communicate,effective,timely,details,ease,smoothly,requests,schedules,ultimately,provided,turnaround,detail,accurate,greatly,stressful,mark,difficulty,carefully,discussion,housekeeping,ordeal,bearing,helped,worked,furthermore,timing,job,work,tips,speed,result,beginning,complicated,beyond,prep,attention
washington,colorado,vancouver,dallas,uk,landmark,ontario,ca,sf,angeles,los,southside,nc,miami,brampton,san,tokyo,beverly,institution,nyc,seattle,korea,barrio,mecca,portland,burgh,county,francisco,sonoma,traveled,region,sammys,diego,native,hometown,formerly,florida,southwest,ahwatukee,europe,pizzeria,relocated,villa,torontos,belmont,capriottis,playa,border,arcadia,hawaii,hudson,united,usa,philadelphia,maryland,carolina,kent,vic,bakers,passage,jewel,americas,boston,haunt,del,chullo,el,anthonys,quest,mucha,mexico,wei,pgh,sin,patata,santa,dc,matthews,daves,wisconsin,peoria,bjs,filibertos,jersey,travels,patati,wins,cali,mariscos,rainbow,nation,ranks,texas,compares,bonnie,fest,officially,rouge,rubios,peru,lucha,sunrise,grille,robertos,california,googled,cal,exclusively,yorker,midwest,spinatos,visitor,relatives,winners,sonoran,baker,born,england,charro,primantis,bros,crime,barros,finest,moxies,mission,primanti,williams,remains,rasta,familys,sams,chicago,country,yelped,brooklyn,windy,vote,holsteins,cactus,coast,cicis,dd,flown,condesa,mickies,rivertowne,union,ka,convert,curiosity,wc,king,grew,raised,lives,hunt,memory
dull,borderline,unimpressive,uninspired,bizarre,tasteful,pleasing,visually,dramatic,elevated,offset,offensive,beneath,evident,unsanitary,noteworthy,sorta,strangely,sanitary,predictable,nonexistent,overlooked,foul,enhance,ness,lacks,unbearable,stiff,oddly,noticeable,similarly,component,tolerable,noticeably,adequately,grossly,weak,firstly,smoother,smelt,ruins,slightest,merely,descent,odor,faint,deceiving,excessive,gross,downright,appropriately,adds,disgusting,base,appealing,sheer,strange,technically,severely,smells,consumption,extent,painfully,bearable,ding,secondly,hella,suspect,weird,dislike,indeed
tones,colored,mud,gray,purple,pillow,grey,bleach,glitter,bow,shaped,cloud,palm,silk,bamboo,gently,multi,stinky,darker,colour,yellow,scent,highlighted,urine,mouse,mask,shoots,forest,mop,gold,faded,glow,foam,lotion,cane,transformed,brown,splash,chemical,grind,shaker,sharp,lion,acid,roses,mason,needles,strings,thumb,snap,bull,gum,happiness,scrub,woods,rabbit,miniature,collar,kiss,aroma,tied,kicks,pockets,snow,eyed,peel,fuzzy,pink,links,stones,chemicals,stormy,naked,lips,powerful,grass,flower,sunshine,black,bear,blood,natural,evil,haired,accent,boom,bam,candle,iron,shine,shoulder,blue,stone,instant,smoker,light,press,tree,russian,settling,bird,red,cue,refreshed,touch,white
basketball,soccer,nfl,concerts,player,bands,indie,teams,courts,performances,fields,cinema,football,arcade,sporting,movies,stadiums,tennis,varsity,steeler,films,youth,entertainment,ping,televisions,poker,baseball,improv,steelers,pitt,camelview,comedy,darts,cubs,camp,games,players,stadium,theatre,film,heinz,playground,field,cages,gaming,activity,hockey,opportunities,lounges,indians,library,sports,activities,theatres,harkins,series,pong,theaters,pens,channel,bowling,skate,theater,mainstream,screening,golf,teens,roulette,craps,events,childrens,race,seniors,slots,church,play,blackjack,spin,college,tvs,pirates,fans,entertain,swim,movie,jays,studying,skating,hems,cabana,club,locals,game,aquariums,adult
discovered,passed,realized,jumped,wandered,went,switched,ran,saw,settled,drove,stopped,walked,dragged,got,realizing,spotted,came,checked,headed,stepped,introduced,remembered,turned,brought,stumbled,arrived,started,became,ventured,cried,entered,opened,noticed,died,regretted,moved,happened,had,followed,knew,lucked,dug,popped,met,randomly,found,joked,missed,took,afterward,struck,decided,steered,bought,wondered,looked,ate,freaked,sold,figured,stunned,was,commented,tried,managed,chose,taken,timer,recommended,liked,made
wander,catch,jump,heading,go,pass,stop,walk,passing,grab,venture,hang,sneak,kill,break,move,swing,get,fight,commute,drop,turn,stopping,driving,hitting,gamble,browse,walking,wandering,take,grabbing,spend,leave,come,throw,decide,pick,run,drive,meet,check,settle,wake,watch,eat,bring,buy,step,checking,dine,study,fill,stay,going,stand,find,finding,enjoy,dig,coming,debating,looking,look,hit,start
explanation,excuses,apology,response,reply,apologize,respond,situation,apologies,correct,concern,refund,inconvenience,question,excuse,answer,mistakes,problems,checks,clue,argue,attitude,upset,issue,problem,explain,fault,issues,bothered,remake,whatsoever,mistake,clearly,nope,attempt,confusion,reaction,allergies,correctly,questions,aware,worries,saying,me,clear,them,ask,apparently,decision,notes,wrong,theyd,someone,complaints,no
weights,lockers,outlets,treadmills,cardio,womens,machines,television,spaces,channels,stalls,restrooms,bouldering,monitors,wireless,electronic,structure,equipment,stations,screens,lanes,routes,washers,trains,patios,amenities,bounce,laptops,areas,equipped,pools,facilities,aisles,access,setup,boxing,bikes,boards,carts,slot,perks,boot,newer,connection,vending,sections,laundry,strollers,beds,wi,facility,cage,quarters,capacity,feature,fi,tv,apartments,wifi,concessions,maintained,vacuums,allows,laundromat,rooms,gym,concession,maximum,levels,navigate,premises,trucks,odds,bonus
demanded,corrected,questioned,insisted,apologized,argued,informed,admitted,responded,refused,lied,inform,politely,claimed,repeated,assured,replied,requested,explained,advised,kindly,inquired,stated,spoke,attempted,declined,hed,profusely,expressed,sent,agreed,confronted,told,understood,redo,proceeded,apologetic,tipped,rang,asked,shed,showed,thanked,talked,obliged,complained,graciously,discussed,answered,incorrectly,listened,said,runner,asking,suggested,reluctantly,initially,send,accommodated,believed,him,specifically,offered,he,gave,shrugged,assumed,payed,forgot,needed,comped,guessed,wanted,mentioned,his,did,exact
lattes,sorbets,chocolates,scones,cereal,gelato,tapioca,smoothies,croissants,creamer,lemonade,cookies,yogurt,milk,chai,macarons,milkshakes,smoothie,sweets,espresso,coffees,candies,brewed,americano,boba,fruit,teas,cones,pastries,muffins,creams,sugar,froyo,latte,shakes,pies,leaf,juice,oj,cupcakes,candy,donuts,goodies,menchies,drip,bagels,scoops,cube,popcorn,iced,deserts,flaming,dairy,lactose,mint,chatime,squeezed,cakes,bubble,pots,coffee,desserts,punch,tea,treats,caffeine,intolerant,maker,davids,boost,ice,republic,cream
hosted,birthdays,graduation,bachelorette,gathering,attending,rehearsal,celebration,celebrated,celebrate,attended,bachelor,tournament,celebrating,nye,outing,hosting,anniversary,bday,meeting,ballroom,event,conference,xmas,joined,upcoming,concert,invited,halloween,meetings,birthday,couples,catered,invite,bella,joining,winterlicious,annona,reddstone,catering,dates,blast,announced,prado,attend,date,join,solo,summerlicious,catching,fortunate,ending,family,occasion
bigger,smaller,less,pricier,nicer,cheaper,more,tastier,significantly,fresher,larger,anticipated,better,fancier,normal,quicker,rather,slightly,prefer,stronger,faster,similar,healthier,expected,fewer,whereas,differently,preferred,bit,usual,than,friendlier,opposed,harder,shorter,actual,typically,couldve,mcdonalds,much,imagined,little,easier,regular,other,desired
sending,letting,losing,telling,accused,treating,lying,physically,position,push,idiot,repeating,force,attempting,pushing,switching,track,lose,begging,pointing,tells,reach,forced,ripping,prove,entitled,rushing,asks,sees,wasting,piss,convince,fighting,beg,referring,listen,stealing,quit,somebody,repeat,lost,pissed,help,argument,purposely,knowing,doing,avoided,trouble,using,forth,continuously,taking,risk,remind,wasted,against,direction,avoiding,interested,elses,bringing,talk,barking,whos,tries,getting,pressured,giving,introduce,figuring,trying,guilt,let,hesitation,minds,making,shy
transportation,taxi,terminal,baggage,shuttles,shuttle,passengers,cab,limo,stranded,airport,bus,plane,boarding,luggage,van,buses,route,flight,departure,frontier,expedia,trans,delayed,stops,drivers,driver,denver,airlines,walgreens,uber,airline,hr,concierge,boarded,virgin,fly,flights,valet,attendants,extend,bell,ride,hrs,meantime
deliciousness,carbs,stuffing,palate,tastebuds,melts,msg,addictive,boil,unhealthy,explosion,savor,hearty,melt,spoon,carb,sodium,ingredient,calorie,substantial,mystery,freshness,taste,calories,buds,dang,humongous,raw,heaven,devour,goodness,tummy,consume,coma,fat,tasting,tastes,watering,skimp,freshly,swallow,meat,toppings,mouth,adding,diet,drown,leaves,fresh,sooo,content,batch,strong,kick,allergic,consuming,theirs,frozen,guilty,watered,bite,appetite,healthy,hunger,cooking
personable,respectful,engaging,outgoing,knowledgable,talkative,supportive,energetic,responsive,thoughtful,approachable,informative,enthusiastic,hospitable,cordial,considerate,gracious,competent,genuine,encouraging,demeanor,punctual,courteous,cheerful,sincere,accomodating,caring,chatty,intelligent,polite,welcoming,compassionate,skilled,professional,accommodating,tremendously,knowledgeable,genuinely,exceptionally,staffs,interacted,intrusive,assistants,passionate,upbeat,reassuring,gentle,cheery,talented,smiling,smiles,pushy,greets,personality,efficient,prompt,trained,snobby,precise,helpful,friendliness,friendly,hostesses,overbearing,attentive,engaged,waitstaff,banter,baristas,patient,appreciative,calm,remembers,eager,speedy,straightforward,suggesting,incredibly,pleasant,friendliest,helping,welcomed,staff,gesture,suggestions,importantly,shout,sommelier,extremely,very,welcome,super,earth
sore,butt,neck,nose,sweat,jaw,breathing,shaking,chest,arms,ears,pulling,sweating,throat,arm,ear,breathe,touching,shoulders,crying,scream,hurt,brain,muscles,body,knees,feet,inner,rolling,face,movement,hurting,booty,hurts,pulls,breaking,kicking,breaks,asleep,breath,burn,tears,fear,panic,headache,sentence,hide,curb,begins,stranger,motion,cough,freak,pocket,magic,leg,death,someones,cracking,alive,princess,ripped,killing,foot,eyes,instantly,dump,slowly,blow,raining,shut,sleep,fall,rough,head,nap,slide,tooth,ache,effect,heights,peace,grow,cry,wallet,fist,attack,falls,stomach,struggle,shock,hands,leash,blowing,dog,eye
yellowtail,nigiri,toro,unagi,maki,hamachi,eel,albacore,chirashi,mackerel,volcano,dynamite,tempura,pcs,tataki,ahi,sashimi,alaskan,tuna,uni,poke,snapper,tiger,dragon,shellfish,salmon,jumbo,spider,imperial,crab,shrimp,oyster,tail,rangoon,bento,roll,sushis,wasabi,lobster,rolls,hibachi,oysters,crabs,bong,seafood,fish,don,dice,shooters,spring,sushi
integrity,expertise,skills,compassion,dedication,kindness,utmost,confidence,hiring,guidance,knowledge,willingness,importance,commitment,ability,professionalism,respect,committed,manners,trustworthy,regards,approach,educate,engage,managing,understands,skill,impact,technical,interest,oriented,efficiency,handling,patience,respected,organization,educated,providing,capable,ethic,maintain,satisfaction,valuable,clients,urgency,technique,listens,involved,efforts,enthusiasm,disrespect,workmanship,situations,patients,health,human,honesty,asset,focused,remarks,opinions,hire,exemplary,pride,deeply,humor,kudos,industry,sincerely,decisions,cares,valued,explains,consideration,proper,hospitality,helps,nonsense,realistic,stress,provide,passion,appreciate,serious,truly,suffer,important,keeping,personal,improve,needs,sense,appreciated,advice,product,puts,honest,works,effort,enjoys,care,customer,knows,pleasure
mains,starters,platters,platter,entrees,sampler,appetizers,starter,apps,appetizer,entree,split,charcuterie,splitting,sides,consisted,shared,meals,pastas,stuffed,generously,salads,dinners,plate,plates,sampled,entr,courses,tapas,dishes,soups,combo,servings,bites,ordered,companions,pizzas,sharing,consumed,share,presented,dessert,served,portion,skipped,included,generous,pot,leftovers,meal,opted,feast,complimentary,portions,main,raved,course,enjoyed,both
posting,posts,yelpers,reading,reviewing,comments,ratings,writing,reviewed,written,yelper,review,fb,article,disagree,glowing,wrote,reviews,read,negative,blog,contrary,yelp,rant,reviewer,posted,hearing,fellow,google,rave,preface,post,yelping,previous,network,disclaimer,agree,compelled,prompted,horror,thoughts,update,positive,reviewers,magazine,searched,news,rated,feelings,write,instagram,judging,overdue,based,raving,rating,hopes,seeing,heard,noted,hype,reasons,harold,heres,challenge,kumar,expectations,promising,impression,story,experience
burro,quesa,barbacoa,tostada,tinga,chimichanga,carnitas,pibil,relleno,mole,empanada,baja,enchiladas,cochinita,mayan,burros,mahi,chile,cabo,poblano,oaxaca,gaucho,quesadillas,pollo,verde,quesadilla,empanadas,tostadas,enchilada,queso,tomatillo,asada,carne,pastor,guac,tamale,pico,fajita,tamales,huevos,fajitas,guacamole,gallo,camarones,dogfish,rancheros,ceviche,burritos,torta,turf,loco,tortilla,michelada,surf,jo,tortillas,al,shark,nachos,burrito,sloppi,horchata,tacos,refried,micheladas,taco,chipotle,beans,salsas,chips,salsa
avons,aussi,bien,vous,fait,ou,suis,donc,comme,jai,peu,ils,vraiment,votre,tre,qui,cest,rien,mais,taient,nous,tout,pas,faire,si,peut,ce,deux,quil,trop,bonne,ont,moins,leur,choix,pris,dun,notre,je,quon,beaucoup,plats,tait,mes,quand,faut,assez,nos,avant,cher,moi,une,avec,tous,ses,bon,endroit,lugar,quelques,pr,repas,tr,autres,prendre,sont,tu,que,por,toujours,cette,voir,avait,jy,ne,fois,soir,aux,maison,est,plat,elle,frais,poulet,muy,qu,il,para,eu,una,nest,sa,lendroit,en,apr,des,belle,du,tes,pero,chez,te,res,command,sur,les,contre,nourriture,como,ma,petit,et,entre,aim,mon,vin,dans,terrasse,se,au,ville,le,un,nom,jaime,bi,encore,chocolat,grande,resto,ch,na,sans,chao,tres,cr,genre,l,hay,pi,montr,g,q,dh,br,jour,va,di,bahn,de,petite,con,og,pur,sal,fogo,mode,y,brazil,temps,v,poutines,d,santisima,https,j,int,r,prix,bueno,ala,e,sous,xl,mo,carte,dangerous,behold,t,b,la,c
flatbread,prosciutto,pesto,artichoke,feta,panini,parm,gorgonzola,lasagna,asiago,artichokes,zucchini,caprese,parmesan,provolone,calzone,brie,gruyere,stromboli,focaccia,fondue,mozzarella,bruschetta,kale,portobello,puff,spaghetti,quinoa,sandwhich,antipasto,wedge,ceasar,meatballs,breadsticks,spinach,meatball,quiche,cesar,supreme,hummus,margherita,cajun,cobb,baba,bleu,puffs,buffalo,pitas,tuscan,pimento,aioli,goat,caesar,sticks,boneless,paninis,hoagie,dips,pretzel,falafels,falafel,grilled,meatless,macaroni,gardein,sicilian,gyros,poppers,scrolls,pepperoni,cuban,dip,delish,gyro,wraps,garlic,nacho,nan,bizness,homemade,pretzels,philly,mamas,roma,nuggets,truffle,wheat,calzones,pasta,loaf,veggie,cheese,wrap,scroll,signature,salad,ginormous,knots,subs,bake,devoured,tenders,pita,ranch,herb,yummy,delicious,bread,soo,mac,wings,die,pizza
lists,substitutions,restrictions,descriptions,preferences,offering,listed,labeled,dietary,include,substitute,selected,peruse,vegetarians,choices,ipad,customize,fixe,menu,gluten,offer,chalkboard,options,readily,available,select,ons,sample,samples,allergy,daily,individual,items,additionally,choosing,item,pages,vegetarian,recommendations,description,vegan,app,advertised,choose,according,specials,add,option,suggestion,board,preference,choice,also,build,non,list,their,own,note,which,special,simple,sounded
decade,driven,frequented,decades,yrs,years,lately,weve,countless,visited,visits,lived,gone,been,past,hasnt,months,gotten,ive,trips,shopped,experiences,dined,dozens,recently,previously,occasions,downhill,theyve,now,growing,year,twice,since,numerous,month,times,eaten,weeks,experienced,week,changed,fallen,havent,learned,seen,sadly,known,sooner,changes,days,ago,used,regularly,here,never,has,existed,frequently,visit,many,have,disappoints,meaning,ever,life,worst,far,new,original
varied,vast,array,featuring,plethora,consists,diverse,ranging,wide,assortment,rotating,wider,enticing,variety,abundance,various,sorts,inventive,selections,varying,abundant,extensive,unusual,expansive,endless,tempting,creative,loads,tons,offerings,kinds,including,notable,types,ie,offers,unique,gigantic,plentiful,specialty,divided,sparse,ranged,combos,lots,varies,interesting,selection,includes,featured,among,categories,range,sampling,sounding,vary,slim,etc,majority,mainly,identical,unfamiliar,mostly,handful,amongst,ton,chosen,limited,eaters,expanded,addition,plenty,specially,continental,different
trimmed,acrylic,trim,bangs,cuticles,beard,dye,extensions,lash,cuticle,scissors,curls,brows,coloring,toe,removal,eyebrows,styling,acrylics,shave,waxed,razor,makeup,toes,lashes,gel,wax,blond,shellac,cutting,curly,color,uneven,bleeding,highlights,skin,hair,nail,blonde,polish,fade,styled,shape,nails,chipping,crooked,hairs,lip,layers,length,roots,grows,precision,comb,clips,teeth,bald,angel,redone,compliments,root,cut,naturally,cuts
mercedes,vw,toyota,dealer,auto,bmw,honda,loan,ford,repair,autonation,certified,financing,carmax,vehicles,appliance,vehicle,volkswagen,dealership,alignment,repairs,spencers,autozone,jetta,inspection,contractor,rental,nissan,porsche,sears,enterprise,mechanic,dealerships,smartfilm,lowes,estimates,brakes,alamo,renting,warranty,towed,loaner,movers,model,dmv,lease,mechanics,properties,mortgage,contractors,homejoy,solutions,companies,plumbing,advisor,project,plumber,tires,bobs,trade,tire,suv,purchasing,serviced,cvs,smog,elite,lifetime,bike,researched,trico,property,quotes,company,car,rent,pharmacy,washes,extended,test,depot,accident,cars,research,services,renew,k,purchased,safely,intention,disaster,truck,buying,further
bellagio,cosmopolitan,cn,venetian,mgm,aria,caesars,palms,wynn,casinos,linq,tower,palace,mandalay,skyline,attractions,palazzo,mountains,nightlife,hostel,fountains,stratosphere,attraction,marquee,resorts,museum,cosmo,suites,loma,sights,inn,eiffel,helicopter,zoo,casa,bay,breathtaking,tourist,nightclub,montelucia,ballys,tours,rides,oasis,resort,casino,venues,nighttime,riding,bustle,fremont,clubs,hotels,sky,observation,sunset,hustle,tallest,views,land,gallery,daytime,getaway,ripleys,marriott,exhibit,rode,bells,circus,tourists,aquarium,luxury,travelers,worlds,view,ferris,touristy,wyndham,visitors,scene,vip,suite,venue,hotel,queens,gambling,escape,flying,tour,adventure,trap,zombie,staying,seasons,strip,hooters,journey,pinnacle,roller,las,vegas,castle
singing,musicians,plays,musical,dancers,performers,spinning,songs,rap,singer,videos,dances,djs,actors,pandas,dj,blasting,techno,guitar,tunes,playing,costumes,dancing,karaoke,speakers,audience,instruments,band,background,jazz,song,dancer,rocking,acts,jukebox,trance,stage,video,played,voices,sing,trivia,performing,rowdy,piano,entertaining,bingo,folk,chicks,characters,cheer,hipsters,pole,scenes,mob,corny,dance,creepy,bouncers,bodies,headphones,hosts,performance,noises,laughs,geared,danced,facts,pianist,circles,hilarious,somethings,production,comedians,tricks,attire,hop,elvis,music,gay,intermission,banging,sang,entertained,drag,casually,horses,louder,silence,drama,stages,bumping,excitement,shouting,watching,shows,sound,intoxicated,feeding,random,s,show,happening,mates,fun,buzz
satay,vermicelli,curried,lemongrass,potstickers,stew,kimchi,dal,gyoza,biryani,soba,karaage,bulgogi,kofta,udon,skewers,pao,tofu,vegetable,korma,katsu,saag,momos,oxtail,samosas,kebab,chilli,wonton,wontons,panang,cumin,mongolian,kabob,broccoli,roti,dosa,vindaloo,tandoori,congee,kung,teriyaki,samosa,stir,kabobs,paneer,edamame,mein,curries,steamed,bibimbap,catfish,masala,kalbi,tonkotsu,souvlaki,takoyaki,rotis,seaweed,buckwheat,tonkatsu,noodle,tai,lentil,jambalaya,tikka,tilapia,sambar,puri,plantains,chow,sizzling,dumpling,siu,basmati,nepali,curry,singapore,tsos,dumplings,miso,pan,wok,rotisserie,portuguese,jamaican,veg,peking,papaya,noodles,mai,jerk,chicken,yum,jerky,shwarma,clay,okra,shawarma,dosas,ew,bao,gumbo,tao,po,barbecue,rice,drunken,xiao,lo,naan,fried,beef,soup,pho,mandarin,pork,spicy,crawfish,pad,spicier,tom,ramen,dish,foo,inferno,thai
vietnamese,caribbean,fusion,northern,southern,cuisine,hong,americanized,mediterranean,mex,kong,tex,india,eatery,hk,ethnic,shanghai,asia,legend,filipino,jewish,staple,asian,japan,kenzo,nepalese,peruvian,hotpot,korean,gta,china,joints,cantonese,saigon,cafes,izakaya,mi,traditional,johns,fare,greek,eastern,gogi,hakata,japanese,ethiopian,papa,chinese,authentic,american,buffets,banh,authenticity,thailand,comparison,gourmet,mikes,connoisseur,serves,smokes,indian,establishments,influence,diner,mexican,hankering,cravings,italian,wildflower,italy,delivers,kinton,african,freshest,legit,tastiest,takeaway,settebello,category,version,halal,comfort,typical,style,deli,fu,chalet,foods,ayce,joint,alternative,eats,restaurants,hut,ihop,compare,vegans,familiar,cafe,dennys,sum,adventurous,panera,crave,frills,bbq,places,sub,real
leaking,hose,leaks,fluid,pads,windshield,scratches,bumper,dryer,flush,vent,damaged,steering,dishwasher,pump,trunk,filter,leak,brake,washer,mold,drain,vacuumed,pipe,broken,motor,wires,replacing,mats,seal,conditioner,busted,cooling,wire,stain,fluids,paint,frame,cracks,rear,panel,filters,electrical,cord,cap,power,repaired,removing,heater,defective,engine,thermostat,peeling,mirror,bent,refrigerator,spray,spark,patch,dash,stored,tool,plugs,brush,lift,electric,drying,reset,battery,belt,vacuum,shampoo,replaced,tear,washed,dent,sealed,glue,wheels,coat,broke,bugs,removed,sewer,loose,chipped,ac,washing,crown,destroyed,conditioning,heating,bug,re,bumps,sheet,packing,fold,sudden,air,badly,magically,cleaned,resulting,parts,x,rid,torn,cracked,wash
quebec,scottish,ho,meets,hum,oldest,virginia,germany,reminiscent,legendary,fro,jane,western,gong,hodo,duh,flair,java,european,spain,greatness,france,coco,pops,bees,persian,mangos,adore,pure,cottage,tiki,addiction,british,oak,stark,akin,shoppe,ahh,bliss,drool,aka,glorious,awesomeness,grandmas,oriental,thee,classic,cha,monroe,kosher,faves,bee,nostalgic,caf,rage,latter,namesake,magical,blessing,ol,simplicity,hybrid,cutest,moroccan,fave,specializes,kreme,parlor,lgbtq,fin,imho,serenade,irish,grimaldis,dope,fav,latin,favourites,makers,viva,krispy,lovers,affair,gods,theory,goddess,canadian,escapes,barrel,obsession,yo,childhood,neapolitan,famous,applebees,milano,reminds,lebowskis,souper,hottest,moose,esp,dutch,bronze,soul,girly,warming,army,grown,loving,jungle,dreams,wicked,turkish,doubles,senses,tier,suggests,favourite,hits,dream,ghost,pop,keen,heart,secret,peaks,fashioned,blows,stray,world,reminded,castles,favorite,love
granted,guess,suppose,because,actually,cause,honestly,but,that,just,anyway,therefore,obviously,anyways,maybe,it,think,why,unfortunately,cuz,however,probably,anything,complaining,normally,perhaps,really,what,nor,something,somehow,so,fact,otherwise,although,bad,thinking,any,either,certain,case,still,how,wouldve,thing,bc,worse,not,though,purpose,certainly,even,silly,seem,ones,completely,neither,hardly,personally,be,things,thought,exactly,like,others,supposed,too,possibly,only,they,difference,sure,eating,totally,kind,werent,lot,yet,alot,else,reason,wasnt,nothing,hoped,this,none,point,being,simply,those,idea,about,least,enough,these,anywhere,sort,way,fine,alas,wish,feel,all,except,felt,given,same,mind,most,everything,as,type,single,part,besides,some,well
mart,safeway,markets,malls,shoppers,goodwill,trader,chains,bookstore,loblaws,bakeries,forum,target,sobeys,wal,independent,frys,kensington,shops,joes,paradise,woodmans,stores,commercial,thrift,international,jimmy,mega,teeter,harris,tjs,pubs,boutique,supermarket,outlet,grocery,retail,pawn,vape,flea,chain,cities,macys,bakery,stm,milestones,gems,competitor,antique,market,charity,butcher,hortons,dunkin,greater,countries,farmers,gyms,states,mill,breweries,beats,comparing,subway,walmart,obscure,stands,tim,shares,locations,bosa,convenience,bars,local,shopping,costco,popping,buys,starbucks,largest,superior,cleanest,unlike,shop,slowest,occasionally,thier,coolest
representative,gm,verbally,supervisor,defensive,operator,director,rep,reps,pharmacist,officer,assistant,responding,finance,responses,telephone,addressed,liar,agent,answers,duty,responsible,verizon,curt,mgr,voice,commission,salesman,assisting,courtesy,servicing,regarding,agents,receptionist,clerk,salesperson,informing,repeatedly,concerns,threatened,personnel,leasing,blamed,answering,assisted,notify,assistance,discuss,associates,feedback,cell,tech,managers,postal,contact,salesmen,questioning,reported,guard,whom,assist,nurses,nurse,manger,script,directions,continually,jury,lead,associate,responds,claiming,vague,behalf,dealt,sends,sales,insulted,errors,rectify,dealing,brief,harassed,blank,oops,speaker,furious,pitch,whoever,boss,reminding,member,reluctant,goodbye
chaotic,disorganized,cramped,noisy,flow,irritating,minimal,distracting,cleanliness,ventilation,crammed,understaffed,spotty,questionable,inconvenient,cons,confusing,steady,overcrowded,understandable,intimidating,constant,obnoxious,tends,sufficient,claustrophobic,drawback,negatives,downside,appear,ghetto,tricky,annoying,somewhat,adequate,tight,appears,becomes,staffed,downfall,ample,sketchy,overlook,organized,frustrating,paced,turnover,pros,volume,scary,overwhelmed,gripe,virtually,toward,appropriate,poorly,uncomfortable,seemingly,lack,odd,remained,lengthy,cautious,improved,existent,clean,despite,complaint,assembly,glance,indication,level,aside
cleared,waters,disappeared,refilling,refilled,orders,silverware,promptly,refill,ours,table,placing,busser,refills,clearing,server,waitress,arrive,waiter,menus,hovering,us,arrives,thereafter,our,poured,mins,minutes,waiters,disappear,waited,glasses,appeared,forgetting,forgotten,order,delivered,finished,seated,ready,water,seconds,tab,bill,timed,empty,sat,quickly,waiting,servers,min,remade,drinks,togo,forever,preparing,ordering,kitchen,prepare,serving,cold,cook,cooks,were,seemed,everyones
emailed,cancelled,confirming,text,confirmation,confirmed,contacted,confirm,reschedule,scheduled,texted,email,canceled,voicemail,promised,rescheduled,emails,paperwork,transferred,registered,messages,appt,notified,message,occurred,cancel,quote,delay,initial,calls,inquire,pickup,installer,consultation,via,bid,calling,receiving,called,signed,completed,indicated,booking,returned,estimated,failed,estimate,assigned,reached,following,phone,schedule,attempts,call,arrange,incident,instructed,appointments,request,prior,unable,advance,appointment,quoted,receive,final,arriving,arrival,received,shown,reservation,delivery,recieved
indoors,outdoors,rooftop,secluded,outdoor,heaters,misters,courtyard,terrace,lounge,chilly,indoor,comfy,couches,smokers,overlooking,patio,picnic,sauna,jacuzzi,upstairs,buzzing,poolside,weather,nook,quieter,downstairs,pool,breeze,quiet,sun,hookah,cooler,winter,freezing,degrees,relaxing,warmer,chill,sunny,outside,dinning,summer,relax,unwind,lovely,colder,inside,flowing,slept,warm,enjoying,comfortable,nice
condescending,disrespectful,insulting,inappropriate,apathetic,unhelpful,surly,aggressive,ignorant,arrogant,disinterested,unprofessional,incompetent,indifferent,behavior,unfriendly,snotty,inconsiderate,clueless,sarcastic,inexperienced,spoken,racist,blatantly,unpleasant,unorganized,unapologetic,impatient,disturbing,useless,bedside,rudeness,tone,demanding,interaction,speaking,presence,language,talks,appalled,miserable,rude,acting,grumpy,barrier,costumer,unacceptable,apparent,rudest,offended,witnessed,invisible,unaware,absent,attitudes,distracted,horribly,unhappy,annoyance,inattentive,neglected,disgusted,embarrassed,embarrassing,silent,speaks,cared,snooty,obvious,dissatisfied,sweetest,atrocious,encountered,concerned,describing,intimidated,stressed,whose,matters,poor,hispanic,treated,funny,english,horrible,nicest
crowded,busy,crowds,busier,packed,rush,lines,crowd,sometimes,slower,hectic,lineup,slow,waits,line,lazy,generally,convenient,periods,loud,moves,fast,hurry,takeout,usually,wait,parking,fairly,often,impossible,popular,place,long,relatively,depending,seems,fills,quick,easy,difficult,pace,close,there,always,crazy,matts,food,spot,buffet,restaurant,nowhere,especially,hard,prepared,service
approximately,eight,six,twenty,seven,roughly,forty,ten,fifteen,thirty,three,two,hundred,span,hundreds,fifty,approx,four,thousands,nine,five,max,million,lasted,period,mere,nearly,counting,counted,lasts,couple,dozen,several,within,rounds,multiple,round,few,half,spent,between,atleast,olds,under,each
unfair,loses,deserving,hygiene,reflection,applies,misleading,strictly,deserves,harsh,utter,shocking,reflect,solely,purely,warrant,amateur,regard,definition,affected,echo,caveat,yikes,praise,misses,spreading,indicate,exists,reflected,worthy,horrendous,todays,absurd,elaborate,breakdown,pathetic,horrid,criticism,stinks,robbed,poster,default,amaze,fairness,redeeming,horrific,factor,nod,hence,unfortunate,moral,deserved,rule,epic,fifth,upsetting,crappy,minus,norm,ruining,impressions,counts,disclosure,exceed,thus,considered,earned,breaker,zero,sucks,remotely,scenario,worthwhile,entirely,saver,mentioning,fails,general,cheated,exaggeration,sums,unavailable,killed,brainer,regrets,exception,altogether,biggest,gives,understatement,star,opinion,suffice,digress,proved,spite,ruined,stars
tavern,mora,lolas,luna,nobhill,charlestons,rossa,symons,mahal,taj,mina,lgo,barberians,lemeac,shucks,barsa,foodies,atlantic,lola,flemings,culinary,spork,duckworths,foodie,michael,postrio,isabellas,symon,pucks,coopers,wellington,yafo,kalendar,sausalido,bistro,bobby,discovery,tradition,unforgettable,umami,ramsey,grampas,wolfgang,diversity,zenith,wallys,celebrity,tomo,georges,puck,ginbu,introduction,wrights,hana,johnny,gordon,marc,winner,winning,keg,award,rider,yen,northwood,ramsay,florist,zupas,rumjungle,dear,brioni,sorely,definite,absolute,memories,chase,greatest,chefs,chef,chart
facials,waxing,eyebrow,pedis,facial,eyelash,brow,rmt,laser,pedicures,vicky,hairstylist,therapist,mani,miranda,therapists,massages,manicures,scalp,pedi,treatments,fuchsia,haircuts,pedicure,sassoon,manicure,shaving,hairdresser,grooming,masseuse,stylists,aveda,tru,treatment,emg,stylist,results,tanning,tan,massage,techs,boris,barbershop,spa,haircut,waves,zen,swedish,barber,salon,spas,pearl,barbers,salons,envy,tissue,relaxation,session,hammam,vita,pampered,outcome,painful,lasting,grace,partial,swings,shes
protection,printing,cd,dvd,coin,masters,monitor,gun,covers,sting,lens,protect,bicycle,digital,materials,growth,guns,lifting,material,sport,purposes,op,usage,foundation,ammo,methods,tee,platinum,lincoln,hd,aid,aging,targets,clad,rat,stretching,rentals,applying,kit,cycle,disc,smith,device,graphics,gap,prize,mount,dire,net,buff,shelter,upgrades,donate,pc,mm,handles,eagle,permanent,transport,backwards,youtube,tlc,extension,mc,skates,deeper,instance,weight,reference,bait,intake,bend,xs,formula,source,mis,customized,doggie,measure,alternate
promo,rewards,promotion,discounts,prepaid,coupons,voucher,reward,shipping,amazon,amex,certificate,vouchers,military,discounted,discount,valid,visa,redeem,stamps,internet,program,savings,web,bogo,coupon,passes,annual,membership,purchases,cards,stamp,tix,monthly,promotions,travelzoo,ad,donation,debit,groupons,packages,facebook,calendar,trial,loyalty,social,upgrade,listing,vendor,percent,package,flyer,printed,online,earn,ticket,site,groupon,website,sites,page,purchase,admission,availability,expired,advertising,link,negotiate,tickets,card,redeemed,deals,pro,book,swap,gift,dot,reserve,com,expiration,weekly,scored,free,score,beforehand,deal,advantage
ale,rum,cider,whiskey,vodka,ipa,lager,bourbon,mule,gin,moscow,pitchers,guinness,martini,pitcher,copper,martinis,draft,tequila,coolers,lite,sparkling,brew,champagne,blossom,sangria,ipas,mojitos,tastings,scotch,sodas,bottled,goose,chardonnay,cola,float,drafts,micro,drinkers,brews,alcoholic,cocktail,pairings,ales,pepsi,coors,bottles,cabernet,domestic,bud,mugs,pints,wines,pours,pinot,moonshine,pint,cocktails,taps,liquor,noir,chilled,margarita,omb,beer,manhattan,beverage,mimosas,soda,mug,mimosa,reds,coke,marys,beverages,spirits,bottle,booze,miller,tap,craft,sake,sipping,tonic,pairing,drinker,beers,papago,margaritas,wine,german,cigars,bucket,fountain,bottomless,snacks,alcohol,rocks,sip,saucer,glass,drank,moon,bloody,sips,brewery,pour,cellar,shots,drinking,drink,partake,byob,russians
facing,elevators,elevator,exit,walkway,sidewalk,escalator,stairs,buildings,entrance,platform,blocking,balcony,overhead,gates,loop,hall,driveway,adjacent,blocked,leading,climb,circle,tunnel,building,viewing,path,vacant,basement,lobby,showroom,connected,leads,jumping,cabins,narrow,construction,ft,stream,sits,parked,yards,entry,alley,steps,conveyor,action,block,doors,accessible,sight,signage,public,surrounding,lined,horse,train,signs,roaming,enter,wind,cabin,corner,attached,freely,lights,window,stretch,rail,leaning,beside,jammed,smoking,stepping,traffic,quietly,awkwardly,floor,fence,wheel,rain,noise,homeless,surrounded,park,degree,opposite,angle,station,row,aisle,hiding,neighboring,taller,entering,boat,upper,towards,dead,door,middle,moving,whilst,yard
midnight,weekday,weeknight,weekdays,wednesday,thursday,evenings,saturdays,sunday,afternoons,sundays,noon,fri,mornings,lunchtime,monday,friday,oclock,tuesday,fridays,saturday,thursdays,afternoon,weekends,nights,holidays,til,early,weekend,rainy,pm,mondays,holiday,nite,hopping,evening,till,night,ish,late,closes,clubbing,partying,peak,mid,tuesdays,opening,wednesdays,busiest,leisurely,season,hh,morning,p,munchies,closing,lunch,opens,grub,brunch,dinner,m,supper,hungover,closed,during,day,snack,hours,open,reservations,lunches,hour,hangover,breakfast
pushed,slipped,throwing,threw,holding,kicked,turning,snapped,hung,dropped,ringing,handing,pointed,bumped,pull,handed,heads,accidentally,spilled,reaching,backed,rolled,grabbed,held,began,throws,napkin,stuck,knocked,placed,wound,knocking,picking,wave,caught,meanwhile,putting,pouring,crossed,drops,woke,dropping,pulled,picked,escorted,finishing,watched,flagged,messing,turns,stood,noticing,messed,screwed,left,ends,strike,practically,halfway,fell,literally,put,picks,straw,straight,carried,stomachs,sticking,flag,starts,blew,starting,chalk,buzzed,kept,set,ended,bat,missing,hook,faced,thumbs,brings
superb,terrific,exquisite,unbelievable,sublime,outstanding,exceptional,phenomenal,incredible,impeccable,fabulous,flawless,magnificent,extraordinary,delightful,creates,fantastic,wonderfully,excellent,tremendous,plating,marvelous,excellence,coupled,fulfilling,abysmal,wonderful,distinctive,fab,brilliant,intriguing,execution,amazing,remarkable,presentation,amazingly,unbeatable,stellar,expertly,unbelievably,unexpected,equally,humble,preparation,executed,spectacular,depth,novel,traditionally,aspects,satisfactory,joy,impressive,summary,surpassed,matched,bubbly,nailed,great,partners,utterly,awesome,notch,memorable,attest,immensely,enjoyable,consistent,positives,described,exceeded,perfect,consistently,loved,absolutely,best
cousin,brother,sister,niece,dad,fiance,sisters,father,mother,girlfriend,aunt,nephew,wife,daughter,husbands,fiancee,dads,fianc,son,daughters,buddy,sons,hubby,husband,coworker,roommate,colleague,uncle,sis,youngest,cousins,boyfriend,boyfriends,grandmother,mom,bf,law,girlfriends,moms,partner,friend,coworkers,laws,wifes,hers,gf,hubs,grandma,colleagues,brothers,parents,buddies,baby,ex,companion,yr,friends,mine,co,recommendation,boy,loves,thoroughly
chandeliers,furnishings,fixtures,murals,artwork,brightly,architecture,paintings,deco,wallpaper,hardwood,vibrant,plants,plush,marble,backdrop,accents,candles,prints,colorful,functional,tunnels,chandelier,memorabilia,admire,decorations,stunning,posters,jellyfish,stable,landscape,ceilings,artistic,fascinating,features,barn,lush,displays,colours,turtles,designed,linens,wood,neutral,floral,controlled,interactive,slick,showcase,images,clever,priceless,exhibits,touches,antiques,constructed,picasso,art,gorgeous,visual,inspiring,shines,creatures,boasts,brick,elements,creating,respectable,scheme,tanks,scenery,matches,crystal,faux,species,design,eco,settings,puzzles,colors,oversized,neon,ultra,birds,banquet,immaculate,appointed,grounds,neatly,wonders,sets,exterior,rise,fishes,effects,cast,holds,spotless,sharks,element,beautifully,beautiful,modest,corners,polished,closely,garden,awe,aforementioned,rounded
penn,spadina,charleston,boulder,boulevard,mcdowell,centre,intersection,tropicana,mead,junction,ridge,creek,shoppes,carnegie,ave,blvd,hollywood,capitol,dundas,sw,lawrence,sheraton,legacy,mt,situated,jean,streets,flamingo,towers,village,liberty,luxor,mirage,shadyside,promenade,bloor,excalibur,harrahs,hyatt,royal,craziness,roads,grassmarket,bridge,lake,hoover,ttc,district,trail,centrally,pnc,pacific,trails,victoria,conveniently,cave,treasure,marina,sahara,fort,canyon,nestled,yonge,yorkville,plaza,emerald,mills,plateau,citys,hilton,highway,highland,crossing,motel,residential,river,suburban,shea,planet,hiking,underground,beach,biltmore,laurent,queen,mountain,vista,parks,rio,danforth,square,william,convention,saint,harbor,dam,springs,ballantyne,hub,transit,avenue,royale,located,trump,capital,center,hike,cantina,condo,paris,freemont,smack,camelback,vicinity,zone,nugget,michaels,nv,stroll,ocean,unlv,tent,willy,freeway,st,tucked,grand,km,residence,port,island,pedestrian,stumble,cross,beaten,court,golden,hidden,weary,ti,street,resturant
parties,groups,booth,comfortably,private,seats,reserved,tables,seat,occupied,booths,strangers,pod,space,seating,party,ppl,pods,group,separate,room,accommodate,sit,squeeze,guests,guest,snag,allowed,large,toddler,sitting,small,gather,fit,meant,present,bar,diners,feed,dining,lucky,easily,significant,together,big
march,february,october,september,december,june,august,january,july,april,november,memorial,feb,fathers,flew,thanksgiving,rd,planned,dec,th,renewal,valentines,yesterday,christmas,easter,vacation,landed,eve,nd,honeymoon,mothers,rented,booked,married,fourth,whim,originally,passport,today,unexpectedly,plans,last,recent,planning,errands,discovering,stayed,tonight,trip,desperately,surprise
apricot,compote,pecans,infused,oranges,almonds,plum,candied,rhubarb,cantaloupe,walnuts,melon,cherries,pear,pomegranate,grapes,blueberries,granola,garnished,citrus,seeds,lychee,pineapple,mascarpone,raisins,crema,cranberry,fig,cocoa,sweetened,drizzled,housemade,apples,curd,watermelon,concoction,carrot,cherry,chia,buttermilk,cranberries,flavoured,crackers,drizzle,cashew,peanuts,pearls,mmmm,lemon,parfait,taro,fragrant,flavored,brandy,chutney,nutty,glazed,pina,figs,grapefruit,luscious,gulab,grape,lemony,tamarind,malt,gummy,mixes,lime,jamun,fraiche,nuts,macadamia,savoury,mmmmm,milky,poppy,jelly,heavenly,mixture,cucumber,sponge,tropical,layered,crushed,colada,truffles,nut,mojito,mmm,ginger,sage,jicama,dipped,divine,essence,fruity,earthy,tobacco,crumbles,rose,chutneys,rye,dusted,blended,shaved,blanc,artificial,overload,mango,delectable,lassi,jar,cayenne,pale,scrumptious,peanut,nitrogen,liquid,powder,addicting,bold,cubes,toasted,herbal,sherry,unreal,orange,complementary,jasmine,kettle,enhanced,anise,pisco,favs,porter,mixing,delight,sweeter,refreshing,chock,munch,dose,lastly
thrilled,addicted,ecstatic,hesitant,stoked,obsessed,bummed,terrified,picky,fanatic,exaggerating,fond,dissapointed,grateful,convinced,snob,jealous,hopeful,accustomed,skeptical,apprehensive,thankful,newbie,sucker,carnivore,guessing,biased,addict,believer,anxious,avid,unsatisfied,curious,mistaken,critical,judged,disappointed,sad,spoiled,excited,eater,mad,dreaming,expert,experiencing,scared,glad,dying,lover,afraid,admit,satisfied,hyped,impressed,amazed,sick,nervous,shocked,pleased,hooked,thirsty,wary,craving,delighted,grossed,exhausted,worried,fan,assuming,intrigued,fussy,hoping,surprised,hangry,raves,wanting,hated,sober,hungry,poisoning,happier,mood,camper,feeling,happy,am,blown,needless,struggled,im,pleasantly
meh,underwhelming,passable,alright,subpar,forgettable,overrated,unremarkable,lackluster,bland,lacking,boring,imo,tad,satisfying,mediocre,albeit,overpriced,pricy,nonetheless,disappointing,insanely,underwhelmed,inconsistent,frankly,ordinary,overly,greasy,eh,unimpressed,surprisingly,surprising,sucked,darn,nevertheless,necessarily,terribly,okay,letdown,ridiculously,tho,soooo,ok,admittedly,wowed,itself,sooooo,particularly,overall,exciting,awful,good,noting,bummer,shisha,kinda,verdict,expecting,pretty,solid,disappointment,quite,wow,fluke,terrible
sunglasses,jeans,boots,pants,jackets,flops,shirts,frames,purses,tie,beads,jacket,buttons,flip,purse,sleeve,shorts,clip,tape,shirt,earrings,ties,matching,outfit,shoes,hats,gear,shoe,cowboy,slippers,coats,fabric,tube,suit,costume,wearing,clothes,wear,heels,tags,pair,uniform,wore,waist,pen,silver,dresses,toy,logo,suits,pairs,outfits,gloves,fitting,wrapping,glove,ring,dress,socks,carrying,rack,custom,coins,flash,digging,pic,picture
university,tempe,summerlin,hills,henderson,mesa,mississauga,uptown,central,ohio,glendale,oakland,scottsdale,phx,markham,north,gilbert,charlotte,scarborough,shore,richmond,canada,champaign,chinatown,chandler,hill,bloomfield,metro,branch,downtown,south,madison,edinburgh,neighbourhood,tucson,squirrel,arizona,phoenix,campus,eateries,anthem,america,az,lv,trek,national,lakewood,toronto,west,closest,east,montreal,cleveland,valley,city,farther,nearby,hood,pittsburgh,proximity,neighborhood,destination,travel,exploring,orleans,road,leslieville,town,dives,yardhouse,distance,mall,radius,blocks,traveling,searching,explore,mile,miles,gem,visiting,location,search,area,houses,near,live,closer,spots,discover,fastest
damage,diagnose,fixing,diagnosis,caused,transmission,replacement,application,faulty,inspect,diagnosed,tests,causing,tested,required,filed,meds,solution,medication,contacts,maintenance,resolved,adjusted,prescription,applied,failing,remove,resolve,replace,solve,injury,control,failure,asap,filing,fixed,prevent,tune,determined,require,temporary,minor,alterations,measurements,adjustment,remedy,needing,solved,reduce,unnecessary,necessary,switch,pressure,fix,delays,adjust,resulted,altered,properly,complete,fully,done
styrofoam,containers,plastic,container,spoons,tray,cans,baskets,basket,tin,cups,overflowing,forks,lid,giant,cutlery,bagged,lids,chunk,brim,fridge,pound,boxes,gallon,paper,bowls,packs,packaged,utensils,mini,straws,bag,ounces,trays,essentially,amounts,napkins,stack,individually,lb,bags,boxed,load,slices,teeny,remaining,separately,pack,ball,sized,enormous,quarter,holders,bowl,stickers,freezer,tiny,pieces,onto,filled,lbs,massive,cart,box,smallest,piece,knives,cup,basically,slice,overs,hand,size,full,pre,lil,along,huge,bunch,side,with,of
supporting,culture,successful,foreign,niche,represent,promote,values,community,succeed,residents,trend,established,franchise,reflects,uniqueness,businesses,attract,patronize,support,regional,caters,primarily,appreciation,success,clientele,expanding,factors,cater,proud,becoming,alike,operated,suffers,reputation,nowadays,focus,frequenting,traveler,finds,competition,shopper,perspective,shady,appeal,expand,americans,common,remain,potential,popularity,compete,owned,invest,rely,suitable,frequent,versus,conscious,owns,aspect,imagination,lure,true,awards,stays,belong,draw,occasional,loyal,continues,reality,complex,student,concept,brewing,reliable,anyones,shame,improvement,towners,become,business,establishment,particular,minded,such,kinks,keeps,safe
celery,diced,dijon,chunky,parsley,radish,capers,garnish,pickled,tahini,romaine,beets,relish,dill,cucumbers,sauteed,sauerkraut,arugula,grated,chickpeas,lentils,horseradish,caramelized,scallions,cabbage,carrots,balsamic,pancetta,fennel,accompanying,croutons,smothered,jalapenos,seed,paste,sprinkled,finely,olives,slathered,puree,sesame,mayonnaise,pea,chilies,zesty,peas,tzatziki,chickpea,rosemary,glaze,vinaigrette,avocados,sriracha,jalapeno,chiles,shredded,vinegar,pickle,flakes,garlicky,chopped,parmigiano,marinara,chimichurri,sunflower,sprinkle,pine,peppercorn,mustard,seasonings,tomato,thinly,minced,habanero,dipping,avacado,stewed,basil,mayo,cheddar,sliced,herbs,mushrooms,peppers,flour,cilantro,mound,avocado,tomatoes,wedges,topped,tossed,fixings,iceberg,atop,reduction,heaping,hearts,spoonful,zing,pepper,boiled,onions,greens,grain,os,rocket,wilted,pickles,tabasco,canned,corn,ed,string,jus,lettuce,substituted,soy,chunks,dressings,jalape,protein,dilly,contained,packets,chili,battered,vegetables,condiments,imitation,bean,loaded,balls,veggies,heavier,sauce,palatable,olive,onion,topping,condiment,packet,dressing,caps,accompany,spread,ketchup,grilling,sour,optional,sauces,mixed,green,added
oreo,crumble,nutella,toffee,smores,hazelnut,carmel,almond,cobbler,swirl,meringue,raspberry,smore,blueberry,macaroon,berry,peach,campfire,custard,mousse,scone,marshmallows,lavender,banana,raisin,marshmallow,brownie,tart,sorbet,sundae,doughnut,oatmeal,brownies,strawberries,berries,souffl,panna,sprinkles,cannoli,cotta,souffle,cinnamon,caramel,bananas,vanilla,doughnuts,maple,macaron,beignets,brulee,buttercream,brittle,slush,blackberry,frappe,mochi,pumpkin,baklava,creme,graham,matcha,pistachio,pecan,macaroons,macchiato,cookie,tiramisu,strawberry,crepe,whipped,frosting,belgian,fudge,cheesecake,coconut,icecream,powdered,peppermint,sundaes,milkshake,stout,peaches,pudding,oreos,croissant,crumb,pastry,tarts,donut,mocha,turtle,salted,earl,cappuccino,churros,syrup,chocolatey,decadent,leche,cotton,cannolis,sugary,icing,apple,chocolate,monster,cupcake,preserves,cracker,lava,marilyn,walnut,honey,chip,waffle,pb,pie,whip,icy,jam,alaska,shake,bundt,cork,cone,butter,scoop,cake,velvet,rocky,desert,sweet,jesus
fucking,wtf,yea,uh,huh,fuck,ummm,shit,cmon,umm,hahaha,hell,asshole,hmmm,geez,yeah,ya,bitch,stupid,lord,ur,um,hey,insert,ing,bye,heck,dumb,sir,dick,ugh,dude,dunno,idk,crap,ps,friggin,outta,yall,lol,aint,pretend,god,ass,ha,stink,sorry,f,sex,gosh,sh,thinks,freaking,spelling,yours,lame,yep,spell,oh,clown,sigh,kidding,hmm,douche,intended,shitty,wth,u,blah,nasty,says,damn,fake,haha,remembering,hates,joke,weigh,spelled,proceeds,btw,slam,dare,word,sounds,trick,panda,seriously,yes,swear,wondering,biggie,words,insist,hes,likes
peppery,deliciously,breading,lightly,doughy,delicate,flaky,coated,flavourful,mush,mushy,crumbly,chewy,crunchy,buttery,richness,saucy,charred,overpowered,rubbery,batter,tangy,crisp,vinegary,dense,saltiness,thickness,melty,overpowering,oily,creamy,watery,browned,limp,flavoring,unseasoned,beefy,moist,texture,crunch,gooey,meaty,flavorless,smokey,aromatic,coating,smoky,acidic,silky,charcoal,ripe,bitterness,tang,stringy,robust,drenched,runny,savory,crusty,drowned,slimy,sauced,complemented,overdone,doused,fluffy,balanced,subtle,aftertaste,gritty,filler,evenly,thicker,resembled,toasty,fatty,shells,bits,flavorful,undercooked,rich,sweetness,overcooked,char,ratio,seasoning,softer,spices,thick,tasteless,flavour,salty,unappetizing,fishy,overwhelmingly,bursting,broth,seasoned,unappealing,juicy,bitter,consistency,substance,drowning,crispy,complimented,thinner,inedible,edible,slight,cheesy,complement,compliment,contrast,lacked,hint,combination,sear,lukewarm,chew,mildly,dough,spiciness,boiling,plated,rub,lighter,mild,flavor,soggy,skimpy,tender,heavily,heavy,appetizing,wavy,firm,salt,proportions,intense,hotter,thin,overwhelming,soft,dry,liking,stingy,perfection,tasty,messy,plain,filling,luke,piping,spice,cooked,perfectly,balance,crust,nicely,tasted,smooth,tough
intend,someday,urge,defiantly,revisit,anytime,hesitate,seek,pray,def,seeking,unlikely,conclusion,heartbeat,surely,encourage,continue,definately,advise,future,promise,sometime,hopefully,definetly,consider,recommending,strongly,yourselves,regret,suggest,bet,splurge,hope,cheat,desire,anybody,favor,definitely,shall,plan,survive,wherever,gladly,refer,returning,fulfill,someplace,spoil,tomorrow,satisfy,habit,skip,doubt,goal,whenever,impress,elsewhere,favour,win,plague,bound,avoid,recommend,caution,likely,anticipate,return,inclined,indulge,pinch,reccomend,skipping,stick,accordingly,anyhow,again,whether,desperate,highly,anyone,benefit,somewhere,bang,chances,everyday,try,tempted,luck,opportunity,everytime,wishing,brave,chance,prob,basis,treat,miss,alone,forward
stained,concrete,sinks,toilets,metal,dust,curtains,debris,tiles,dusty,ceiling,panels,mirrors,pipes,exposed,sliding,hallways,cigarette,sink,sheets,circular,lawn,fireplace,counters,hallway,mat,floors,showers,sofa,covering,laying,leather,toilet,tub,wooden,stall,stains,blankets,height,locker,cigarettes,bench,windows,vinyl,deck,walls,painted,washrooms,pillows,cloth,benches,visible,tubs,lamps,enclosed,trees,mounted,shower,rows,closet,towels,lining,couch,washroom,elbow,stainless,dirt,separated,surface,sofas,filthy,flooded,stretched,dispenser,shade,dryers,musty,toiletries,stove,bulbs,butts,conditioned,worn,shiny,grills,roof,sweaty,bathrooms,chairs,smelly,soap,pee,swimming,bathroom,ugly,bath,blanket,bin,bedroom,tall,holes,trash,communal,towel,stools,crawling,scattered,wiping,linen,spill,smelling,backs,wiped,wipe,privacy,lay,edge,smoke,steam,poop,tops,sleeping,lap,bare,hanging,everywhere,bed,stool,marks,restroom,squished,wall,flies,chair,tank,garbage,dirty,fire,steel
consumer,practices,actions,fraud,government,agency,hoa,operations,safety,tenants,ira,marketing,financial,automotive,companys,legal,dishonest,policies,hvac,contracts,banks,operating,buyers,attorney,bbb,claims,scam,benefits,testing,housing,systems,provider,qualified,investment,tactics,requirements,identity,associated,injuries,wells,corporate,operate,false,illegal,equity,geek,buyer,reputable,user,media,income,drug,loss,current,potentially,bail,dept,users,profit,occur,perform,pest,determine,resolution,subject,squad,retired,hazard,lies,mental,related,licensed,golds,bs,requires,legitimate,judgement,rules,conditions,costly,useful,staffing,extreme,raising,gain,relationship,drugs,smart,bureau,upgrading,liars,accomplished,reads,operation,department,qualify,bullshit,anti,hired,sprint,intent,official,criminal,major,offices,term,unsafe,priority,updating,causes,economy,greedy,currently,strict,function,pays,improvements,demand,veterans,struggling,ads,beware,dealers,unknown,state,salespeople,raise,possibility,circumstances,ownership,immediate,decline,estate,suspicious,lesson,bust,management,nightmare,updated,easiest,existence,encounter
accessories,clothing,jewelry,merchandise,supplies,cosmetics,brands,toys,supply,hardware,stocks,household,bulk,carries,clearance,designers,labels,dvds,designer,vintage,books,electronics,cases,magazines,shelves,consignment,inventory,models,jewellery,stocking,stock,discs,collection,groceries,bins,sells,junk,display,gifts,sale,produce,displayed,vendors,selling,products,carry,section,styles,rotate,brand,goods,label,packaging,sell,marked,stocked,souvenir,browsing,store,shelf,stuff
ribeye,nebraska,usda,waygu,filet,sirloin,mignon,porterhouse,fillet,wagyu,kobe,hanger,hangar,illinois,snake,australian,angus,rib,prime,med,ny,skirt,steak,aged,bone,farms,marbling,blt,oz,steaks,outback,steakhouse,bones,fed,brazilian,ribs,york,london,rare,steakhouses,medium
flooring,tile,installing,blinds,units,installed,grout,appliances,tint,storage,existing,carpet,cabinet,solar,tinted,vents,epoxy,tinting,ducts,shutters,cabinets,locks,install,installation,sunburst,tools,stereo,unit,mattress,jeep,painting,racks,remodeling,tenant,sq,carpets,restoration,master,measured,lenses,landscaping,homes,duct,belongings,shades,condition,watches,mens,restored,detailing,cleaners,apt,remodel,furniture,cleaning,apartment,blind,cleaner,upgraded
fee,tax,charges,dollar,costs,cents,dollars,gratuity,fees,charging,mandatory,cost,charge,minimum,bucks,total,costing,additional,taxes,per,tip,charged,nickel,dime,limit,corkage,paid,bills,extras,expense,automatically,pp,paying,cover,pay,doubled,unlimited,ounce,saves,fyi,fortune,tipping,extra,cent,points,spending,double,hassle,comp,pounds,cash,compensate,saving,save,money,thousand,plus,opt,spare,saved,jacked,penny,moneys,rotation,amount
theyll,itll,can,youll,shouldnt,wanna,dont,might,wont,gonna,will,want,you,yourself,youd,unless,need,happens,may,doesnt,please,your,ill,should,youre,tend,gotta,means,isnt,its,do,wants,does,regardless,arent,cant,depends,lets,whats,cannot,theres,or,thats,forewarned,guaranteed,wouldnt,careful,willing,must,itd,rarely,if,theyre,warned,would,id,youve,takes,whatever,gets,is,makes,are,possible,fuss,self,goes,comes
oral,medical,acupuncture,wellness,surgeon,specialist,physical,dental,chiropractic,hygienist,veterinarian,healthcare,arrow,therapy,surgery,cancer,suffering,braces,chiropractor,prescribed,birth,medicine,asrari,chamian,ultrasound,physician,tabassi,kitty,healing,nemanic,infection,referral,whitening,procedures,emotional,severe,cleanings,knee,mri,chronic,exams,symptoms,injured,antibiotics,fixler,anxiety,wisdom,clinic,heal,lab,successfully,discomfort,doctors,internal,reuss,vision,recovery,performed,hospital,gelo,dentistry,career,pregnancy,vets,dr,groomer,muscle,dentists,disease,examined,ray,exam,trainer,nursing,practice,cavities,vet,emergency,faith,mentally,doctor,dentist,humane,medications,primary,drs,doc,routine,headaches,interview,puppy,sensitivity,kennel,pa,threatening,fur,aloha,pup,adjustments,relief,jail,gained,er,progress,client,pets,precious,sessions,parent,clinics,pain,miracle,canal,adopted,assessment,continuing,yearly,animal,rays,iv,cat,groomers,confident,groomed,referred,approve,beloved,trusted,pet,tl,urgent,dread,pains,suffered,relieved,pregnant,office,sensitive,peeve
approached,rudely,female,yelled,smiled,interrupted,yelling,arguing,herself,laughing,ignored,texting,ignoring,loudly,gentleman,acknowledge,male,continued,employee,greeting,acknowledged,greet,woman,laughed,bouncer,acted,chatting,cashier,himself,stared,hostess,annoyed,apologizing,bothering,yell,joking,irritated,hello,angry,staring,standing,chatted,lady,walks,manager,overheard,hi,patiently,register,recognized,girl,host,shift,frustrated,guy,greeted,stare,slammed,screamed,shook,nobody,talking,desk,owner,warmly,bartender,worker,awkward,she,behind,man,her,confused,barista,hurried,patron,counter,moment,smile,rushed,observed,front,person,briefly,unsure,name
eventually,shortly,before,until,after,finally,luckily,leaving,immediately,ourselves,then,already,afterwards,earlier,wed,we,when,another,thankfully,later,ahead,through,remainder,once,to,hadnt,shouldve,happily,back,out,starving,next,around,upon,while,away,fortunately,minute,off,second,awhile,over,into,third,deciding,first,entire,almost,i,longer,down,tired,having,longest,up,my,by,thru,couldnt,time,where,without,instead,soon,myself,could,at,didnt,home,mustve,across,able,rest,wished,one,right,in,whole,finish,on,for,due,and,the,short,from,end,shot,a,every,an,house
women,teenagers,children,men,conversations,ladies,elderly,girls,young,younger,dudes,screaming,regulars,families,gentlemen,students,members,patrons,folks,listening,chit,faces,jokes,age,waitresses,teenage,babies,boys,animals,females,child,cats,adults,interact,bored,neighbors,cashiers,workers,idiots,employees,stories,jobs,people,act,laugh,older,chat,running,kids,owners,ages,customers,bartenders,conversation,peoples,working,constantly,themselves,kid,who,everybody,teenager,moments,drunk,guys,names,everyone,dressed,school,dogs
payments,documents,submitted,file,contract,fax,payment,billing,agreement,diagnostic,copy,info,mail,accepted,insurance,transfer,mailed,invoice,processing,denied,exchange,registration,account,approval,deposit,stating,address,verify,coverage,updates,approved,letter,cancellation,manufacturer,cc,error,funds,honored,submit,proof,scan,receipts,apply,responsibility,report,contacting,transactions,status,collections,instructions,obtain,accepting,tracking,compensation,owed,policy,overcharged,honor,numbers,police,survey,billed,papers,print,information,scanned,records,verified,transaction,returns,claim,clarify,reminder,prescriptions,incorrect,nerve,labor,refunded,receipt,promises,owe,frustration,consult,statement,requesting,signing,collect,forms,bank,refuse,overcharge,audacity,credit,alert,accept,edit,evidence,insult,title,follow,accounts,form,specific,upsell,persons,number
salami,ham,hashbrowns,skillet,biscuits,homefries,pastrami,omelet,scrambler,scramble,latkes,lox,omelette,biscuit,tots,tater,cornbread,ciabatta,sourdough,mash,omelettes,sausages,strips,omelets,reuben,buttered,peameal,shoestring,gravy,benny,sausage,scrambled,hollandaise,baguette,slaw,poached,bacon,deviled,cheeseburger,hamburger,peppered,muffin,hog,coleslaw,chick,pancake,roast,brioche,yolk,waffles,benedict,hash,croque,turkey,madame,cole,crepes,swiss,bun,bagel,corned,browns,curds,cheesesteak,potatoes,slab,yukon,buns,pancakes,fry,potato,griddle,bison,whites,patties,cheeseburgers,patty,mashed,eggs,egg,hamburgers,toast,poutine,fries,crinkle,slider,sandwich,baked,breakfasts,french,bonjour,sandwiches,sliders,burger,rings,burgers
education,programs,trainers,teaching,strength,beginners,beginner,techniques,coach,coaches,goals,exercises,instructors,workouts,martial,resources,teachers,crossfit,nutrition,technology,teaches,volunteers,arts,lessons,image,talent,instruction,professionals,exercise,develop,advanced,spirit,projects,active,learning,educational,method,otf,dedicated,artists,flexibility,achieve,artist,volunteer,yoga,manages,teach,participate,challenged,comics,concepts,improving,fitness,executive,studio,training,rehab,taught,dependable,beauty,nature,transition,conservative,motivated,experts,personalized,specialized,designs,limits,individuals,defense,allowing,lifestyle,humans,maintaining,provides,format,insight,enjoyment,classes,senior,tasks,witness,props,outs,history,workout,marine,pilates,kitchens,challenging,class,hardest,created,homework,developed,genius,energy,encouraged,fashion,changing,runs,ways
